run_id,sampler_seed,number,value,datetime_start,datetime_complete,duration,params_colsample_bytree,params_gamma,params_learning_rate,params_max_depth,params_min_child_weight,params_n_estimators,params_reg_alpha,params_reg_lambda,params_subsample,state
3,44,29,0.6499913711434087,2026-08-23 13:43:01.263609,2026-08-23 13:43:03.852635,0 days 00:00:02.589026,0.6167866429285251,0.5813557431108421,0.1372543890855816,10,2,484,1.2084293076007944e-08,1.8303110946849889e-06,0.667411664059148,COMPLETE
3,44,41,0.648807785207146,2026-08-23 13:44:23.600865,2026-08-23 13:44:26.359566,0 days 00:00:02.758701,0.568522263632337,2.3519740832571583,0.1407026525161909,6,4,221,0.0972112739624848,8.511399366036918e-06,0.6490288944760649,COMPLETE
2,43,2,0.6453788946687131,2026-08-21 15:28:55.076606,2026-08-21 15:28:55.421860,0 days 00:00:00.345254,0.6926884571975691,2.228791804198594,0.0898326980304866,9,10,138,0.0106542250332063,5.527139771772822e-08,0.985732545717694,COMPLETE
3,44,22,0.6453517485193904,2026-08-23 13:42:40.385535,2026-08-23 13:42:43.656343,0 days 00:00:03.270808,0.9074064908847777,0.8103319797114753,0.0663334057299058,3,3,469,1.3710404195466016e-08,8.348468010290485e-05,0.557158215433986,COMPLETE
2,43,18,0.644497465120576,2026-08-21 15:29:18.502099,2026-08-21 15:29:19.136989,0 days 00:00:00.634890,0.6028015157236913,1.8791085814587896,0.0745770944694194,10,1,194,0.0078506078991147,4.150664875232782e-07,0.8162299515879236,COMPLETE
3,44,40,0.6437474552944179,2026-08-23 13:44:13.412067,2026-08-23 13:44:23.598737,0 days 00:00:10.186670,0.5821972969013142,2.321685468679505,0.1460448292485291,6,4,231,0.1041473663591114,1.0921124947002717e-05,0.6651944736702146,COMPLETE
3,44,0,0.643606409465728,2026-08-23 13:41:40.741950,2026-08-23 13:41:44.287995,0 days 00:00:03.546045,0.679655418904036,1.9688977554412568,0.051693993553568,2,7,518,4.804558533789276e-05,0.0003882591382732,0.6802504181281428,COMPLETE
1,42,4,0.6427385539852545,2026-08-21 14:44:48.786285,2026-08-21 14:44:49.536682,0 days 00:00:00.750397,0.5610191174223894,0.1719426055760919,0.0375353714523312,2,5,252,1.527156759251193,2.133142332373004e-06,0.7200762468698007,COMPLETE
4,45,12,0.6422599791798784,2026-08-23 15:26:10.257039,2026-08-23 15:26:11.526264,0 days 00:00:01.269225,0.8208274805359452,4.9302358442246845,0.001460454099306,5,4,250,2.39271546891624e-05,0.0001658521755835,0.695065795329642,COMPLETE
4,45,21,0.6413706304183798,2026-08-23 15:26:19.077769,2026-08-23 15:26:23.315646,0 days 00:00:04.237877,0.8443218991393665,4.260908343011404,0.0010452716695546,5,4,289,8.87677758033682e-05,0.000227293621316,0.692123049536149,COMPLETE
1,42,35,0.6413487568108343,2026-08-21 14:45:17.677118,2026-08-21 14:45:18.497486,0 days 00:00:00.820368,0.6686246050276694,2.379216378242507,0.0245539620746132,7,7,260,0.028084672554982,0.0064725315017654,0.8311554812252514,COMPLETE
4,45,27,0.6401668468551774,2026-08-23 15:26:34.329321,2026-08-23 15:26:37.570746,0 days 00:00:03.241425,0.9022909019505464,4.4770590737191664,0.0014291475556924,5,3,188,0.0009209989857089,4.132685249621687e-07,0.64632745093047,COMPLETE
1,42,15,0.640010102992088,2026-08-21 14:45:01.009134,2026-08-21 14:45:02.311717,0 days 00:00:01.302583,0.5046193546543487,2.0919274418075373,0.0673756268392188,5,3,394,7.051473250868779e-05,3.2397897490109786e-05,0.596192454210443,COMPLETE
3,44,21,0.6394369693707146,2026-08-23 13:42:37.088287,2026-08-23 13:42:40.384519,0 days 00:00:03.296232,0.9112981193100252,0.8332337999531894,0.0669169925941194,5,2,474,1.0764861387013213e-08,0.000113874793394,0.536978598318491,COMPLETE
1,42,48,0.6389047809284243,2026-08-21 14:45:28.637144,2026-08-21 14:45:29.623517,0 days 00:00:00.986373,0.5999423535550485,0.1100091733879894,0.0218003826620076,9,4,217,0.009811937063158,0.0004217876206044,0.6252696413756592,COMPLETE
3,44,19,0.6384187740420096,2026-08-23 13:42:30.385299,2026-08-23 13:42:34.606008,0 days 00:00:04.220709,0.8967016917132031,0.8151707144139779,0.026807776636374,3,4,467,3.837001254912153e-07,4.14271110080509e-07,0.552954423511095,COMPLETE
3,44,45,0.637957224160878,2026-08-23 13:44:33.234787,2026-08-23 13:44:34.100106,0 days 00:00:00.865319,0.6306872638782971,2.1275769805705185,0.1943526327850818,6,5,121,0.2027911857486715,3.194939563826671e-05,0.722187747448958,COMPLETE
3,44,4,0.6377573938424448,2026-08-23 13:41:49.476287,2026-08-23 13:41:52.620720,0 days 00:00:03.144433,0.8555478431015143,4.413057909649399,0.0153718906447245,5,1,503,0.0342389444280389,0.3164433051812418,0.5294494606860387,COMPLETE
1,42,28,0.6371145854442835,2026-08-21 14:45:12.872683,2026-08-21 14:45:13.439934,0 days 00:00:00.567251,0.5762229992899502,3.0449946096808858,0.0598768397412313,5,7,252,1.2730466076808691e-08,0.0014934043385016,0.7041590264539688,COMPLETE
4,45,2,0.636470251573482,2026-08-23 15:25:48.749313,2026-08-23 15:25:51.140928,0 days 00:00:02.391615,0.6134773946711429,1.2137907839005653,0.0148879280668822,4,5,320,3.1034350338959084e-05,0.2343477823353131,0.5562304478979974,COMPLETE
3,44,8,0.6364317375539053,2026-08-23 13:41:57.888972,2026-08-23 13:41:58.656643,0 days 00:00:00.767671,0.8404067038969113,4.693512447710337,0.0198771907840495,4,7,118,0.0430602289543566,0.0505474894839393,0.7970388147263963,COMPLETE
1,42,47,0.6359272104740568,2026-08-21 14:45:27.675627,2026-08-21 14:45:28.636284,0 days 00:00:00.960657,0.5676616306410825,0.0924557989215932,0.0211517563421851,9,4,230,0.0051960463762847,0.000293411342926,0.69990040216653,COMPLETE
4,45,42,0.6355026606494116,2026-08-23 15:27:17.530546,2026-08-23 15:27:19.468015,0 days 00:00:01.937469,0.8946084390174281,4.792753918602887,0.0013767795024802,5,4,362,0.0003741282836633,0.000574770823674,0.663494763271525,COMPLETE
2,43,13,0.6353969464983412,2026-08-21 15:29:14.059896,2026-08-21 15:29:14.942733,0 days 00:00:00.882837,0.7158952049551862,0.6711614682574907,0.0221755492298655,8,4,189,0.0083662151643425,5.804976170016126e-06,0.8342694981521352,COMPLETE
2,43,7,0.6352070017404541,2026-08-21 15:29:01.983698,2026-08-21 15:29:02.954572,0 days 00:00:00.970874,0.7019783334902348,1.2169900814048114,0.0048913325259884,7,4,245,0.0019630727020874,1.614690449993867e-06,0.5722391892114144,COMPLETE
3,44,13,0.6350717559294996,2026-08-23 13:42:11.280324,2026-08-23 13:42:13.982318,0 days 00:00:02.701994,0.6558252999087346,3.2488957459917662,0.0035379877239977,6,6,312,0.001878029815593,2.3792099660950657e-05,0.6599961236486003,COMPLETE
2,43,16,0.6346626528236916,2026-08-21 15:29:15.941705,2026-08-21 15:29:16.226698,0 days 00:00:00.284993,0.7397091348403184,2.407091860118125,0.0853844458323267,9,7,106,0.0219476961465828,1.2442898772687236e-05,0.7928110993801553,COMPLETE
4,45,44,0.6345185004533327,2026-08-23 15:27:23.101351,2026-08-23 15:27:28.655724,0 days 00:00:05.554373,0.9493976089332558,4.697357211609644,0.0034597959170376,5,4,367,3.669842839184567e-05,0.0004266906206001,0.6486787035102002,COMPLETE
4,45,11,0.6344759577834556,2026-08-23 15:26:08.406794,2026-08-23 15:26:10.255525,0 days 00:00:01.848731,0.8210343069736132,4.440966272770936,0.0010028670517463,5,4,329,0.000133020033568,0.0002208965711287,0.6790757627823802,COMPLETE
4,45,41,0.6344388523427427,2026-08-23 15:27:15.859708,2026-08-23 15:27:17.529129,0 days 00:00:01.669421,0.8209951418039227,4.394009369382838,0.001026270948642,5,4,321,0.0001339507264594,0.0001094165447776,0.6817257824847578,COMPLETE
1,42,27,0.6342520856423649,2026-08-21 14:45:12.269001,2026-08-21 14:45:12.871041,0 days 00:00:00.602040,0.5001670816621977,3.000954495760184,0.0367078688464642,6,6,262,1.1328316322019596e-08,0.0030580264105793,0.6852982073158209,COMPLETE
2,43,35,0.6341845406091781,2026-08-21 15:29:32.264207,2026-08-21 15:29:33.063421,0 days 00:00:00.799214,0.776304225852054,0.0167964130652835,0.002040842701622,7,5,182,0.0066983088069782,2.1993759032826282e-07,0.7466416014645149,COMPLETE
4,45,13,0.6341760365074602,2026-08-23 15:26:11.527283,2026-08-23 15:26:12.350049,0 days 00:00:00.822766,0.810287366508221,2.941449777247765,0.0108397036351055,5,6,215,1.2265166310900146e-05,0.000210153443554,0.6904008872555605,COMPLETE
3,44,27,0.6339470008293591,2026-08-23 13:42:56.711358,2026-08-23 13:42:58.904482,0 days 00:00:02.193124,0.8988985139039352,1.8858284296923769,0.0461559247969777,2,3,397,7.862117406314827e-06,0.0001532826011722,0.5401174817351994,COMPLETE
1,42,6,0.6337048350866898,2026-08-21 14:44:50.164794,2026-08-21 14:44:51.637357,0 days 00:00:01.472563,0.522613644455269,1.9433864484474104,0.0015981734133214,10,4,399,2.7678419414850017e-06,0.2874998234740785,0.5979914312095727,COMPLETE
1,42,21,0.6335716126215429,2026-08-21 14:45:05.256598,2026-08-21 14:45:06.742973,0 days 00:00:01.486375,0.5001429799749768,2.097823665248752,0.0087592411030589,8,3,390,9.752866483313227e-07,0.0107552526766484,0.5862981096375957,COMPLETE
2,43,31,0.6335687309827479,2026-08-21 15:29:26.427385,2026-08-21 15:29:27.606051,0 days 00:00:01.178666,0.6963107340895637,1.0526850462995392,0.0061761973066189,7,4,227,0.0037490726221134,2.6529220989093472e-05,0.6575417214810706,COMPLETE
1,42,33,0.6335253158784072,2026-08-21 14:45:15.441890,2026-08-21 14:45:16.715604,0 days 00:00:01.273714,0.5684575994834166,3.423363404091313,0.0200977830452114,5,8,285,2.7543449841400408e-08,0.0001833957792797,0.7685013765570605,COMPLETE
4,45,31,0.6334564226085392,2026-08-23 15:26:55.934898,2026-08-23 15:26:57.221456,0 days 00:00:01.286558,0.8040276951358358,4.654811218234338,0.0010457769504783,4,4,254,5.5893341524385685e-06,4.844042911932658e-07,0.5888630370810821,COMPLETE
1,42,49,0.6330845115343842,2026-08-21 14:45:29.624366,2026-08-21 14:45:30.249909,0 days 00:00:00.625543,0.6678660574595565,0.4414390582935726,0.0158143401349631,9,4,139,0.0100464442304319,2.034068874554484e-05,0.6250156637691885,COMPLETE
1,42,7,0.632575780876499,2026-08-21 14:44:51.638211,2026-08-21 14:44:52.799858,0 days 00:00:01.161647,0.9010984903770198,4.9344346830025865,0.0177320915908421,4,1,278,0.0891667471563653,6.143857495033091e-07,0.5704621124873813,COMPLETE
2,43,27,0.6325001559426824,2026-08-21 15:29:24.620674,2026-08-21 15:29:25.239201,0 days 00:00:00.618527,0.8199108482585974,2.736028722710123,0.0268824016432631,8,7,215,0.0740608826454668,5.4432381450716144e-08,0.7686630874460234,COMPLETE
3,44,37,0.6323505316821322,2026-08-23 13:43:49.382509,2026-08-23 13:43:58.062593,0 days 00:00:08.680084,0.8738328789944841,0.5400888732400795,0.0231186021105114,10,6,318,2.440493260845394e-06,5.0804467754395623e-08,0.5988948850113478,COMPLETE
2,43,20,0.6321813095765922,2026-08-21 15:29:20.049360,2026-08-21 15:29:20.783235,0 days 00:00:00.733875,0.5123035203458484,3.775261802230544,0.0443662123086883,2,8,403,1.6087612048426663e-06,2.805860827647653e-07,0.8006060418569952,COMPLETE
4,45,19,0.632080341563673,2026-08-23 15:26:15.994795,2026-08-23 15:26:17.247540,0 days 00:00:01.252745,0.8827126201767622,0.9347000496439984,0.007606940833138,3,8,478,0.0013901821878194,2.0652352847244537e-05,0.6313889057931988,COMPLETE
2,43,42,0.6319554143326542,2026-08-21 15:29:38.263850,2026-08-21 15:29:38.615138,0 days 00:00:00.351288,0.8047421897981903,2.9706891119502226,0.0781407034549463,10,10,104,0.0145970341214632,3.8138691509572016e-06,0.7968799103556257,COMPLETE
1,42,34,0.6318779724611744,2026-08-21 14:45:16.716869,2026-08-21 14:45:17.676263,0 days 00:00:00.959394,0.614602009836285,2.866526778236012,0.0406256637304149,6,6,342,2.0084124373555425e-07,0.06467161593172,0.6410279506734029,COMPLETE
3,44,42,0.6318519682781879,2026-08-23 13:44:26.362160,2026-08-23 13:44:27.910350,0 days 00:00:01.548190,0.5586704345900307,2.286157683281567,0.1374756126925679,6,4,218,0.0745732484373192,6.038373048926694e-06,0.6507111906151628,COMPLETE
1,42,40,0.6315236287563567,2026-08-21 14:45:22.935262,2026-08-21 14:45:23.775205,0 days 00:00:00.839943,0.7158803502110127,0.839028486539172,0.0130363155004746,2,9,248,0.1980901894826044,1.0665519651042464e-05,0.7796488938802069,COMPLETE
4,45,18,0.631416022017443,2026-08-23 15:26:15.048547,2026-08-23 15:26:15.993985,0 days 00:00:00.945438,0.6765614645235035,3.82104280542612,0.0222377418313218,5,3,283,2.2150216609355865e-05,0.332342705785224,0.7489613122747598,COMPLETE
3,44,48,0.6311489370016576,2026-08-23 13:44:36.444571,2026-08-23 13:44:38.199520,0 days 00:00:01.754949,0.6436896447688351,1.483364325685438,0.0864724724251696,5,6,314,1.4126684746449756,1.8106759148176665e-07,0.6749793552913194,COMPLETE
1,42,14,0.6308359018519519,2026-08-21 14:45:00.000012,2026-08-21 14:45:01.006370,0 days 00:00:01.006358,0.7390654511127315,0.6379794953946161,0.0088721337589207,10,4,217,4.448098583586063e-06,7.720609868154786e-06,0.7089578143730195,COMPLETE
2,43,4,0.6307531496036958,2026-08-21 15:28:56.477586,2026-08-21 15:28:59.632174,0 days 00:00:03.154588,0.9765201104933708,4.325085603035909,0.0017352047335193,6,5,555,0.011209739371493,0.0045611269793788,0.5904572976289505,COMPLETE
4,45,15,0.6306747595397153,2026-08-23 15:26:13.073250,2026-08-23 15:26:14.151336,0 days 00:00:01.078086,0.6111283870239044,1.45530211391862,0.0085317246427775,2,5,405,1.1941248758676636e-08,0.1623731959901949,0.6204125996185499,COMPLETE
4,45,43,0.6305634586413058,2026-08-23 15:27:19.469605,2026-08-23 15:27:23.099448,0 days 00:00:03.629843,0.9010795532375436,4.725271159385523,0.0015173206817901,6,3,462,0.0003662234812639,0.0443841077976312,0.7175855489425591,COMPLETE
1,42,24,0.6297276340305665,2026-08-21 14:45:08.785861,2026-08-21 14:45:09.951488,0 days 00:00:01.165627,0.7042881469772764,1.1819772239563475,0.0253510271634899,3,7,469,3.230953776777884e-05,0.0007063844718185,0.6706507023269995,COMPLETE
2,43,6,0.6295452006836457,2026-08-21 15:29:00.676123,2026-08-21 15:29:01.982417,0 days 00:00:01.306294,0.8047799356295229,1.030409254566509,0.034835666600882,5,6,464,6.200879467182988e-07,0.1450941101496028,0.8523578039402707,COMPLETE
3,44,31,0.6292573016822869,2026-08-23 13:43:09.697107,2026-08-23 13:43:14.063788,0 days 00:00:04.366681,0.6144971558611794,0.9919105273425626,0.0617763431146901,9,2,490,1.1705632904804246e-08,1.064306358240013e-07,0.6617233396814163,COMPLETE
3,44,20,0.6292377228539137,2026-08-23 13:42:34.608656,2026-08-23 13:42:37.085692,0 days 00:00:02.477036,0.5037993040486022,0.6741749859900139,0.0286229705539889,3,4,422,2.514290861801336e-07,4.813698657596209e-07,0.6894824590588511,COMPLETE
3,44,23,0.6289115521736733,2026-08-23 13:42:43.658683,2026-08-23 13:42:47.477723,0 days 00:00:03.819040,0.9394106079735336,0.7923985909516029,0.074237662596696,2,2,415,2.382618661764767e-08,9.253483768108962e-05,0.612848723245907,COMPLETE
1,42,25,0.6288330746786248,2026-08-21 14:45:09.952374,2026-08-21 14:45:11.705934,0 days 00:00:01.753560,0.623388514427892,3.3918775181154928,0.0100612145427348,7,2,547,3.733016835407741e-07,0.0246683357707996,0.6051366853201594,COMPLETE
2,43,14,0.6287101251346089,2026-08-21 15:29:14.943865,2026-08-21 15:29:15.457780,0 days 00:00:00.513915,0.8687003525216228,0.1970739609405695,0.1772158815518209,9,7,171,0.3391525012767918,4.061782897709246e-05,0.8852711042233554,COMPLETE
3,44,32,0.6282362467666673,2026-08-23 13:43:14.064787,2026-08-23 13:43:23.776735,0 days 00:00:09.711948,0.708397861328139,1.6208195621161183,0.0332923688277407,7,2,445,1.3606437004105874e-07,1.5775346154325666e-05,0.6198188217704561,COMPLETE
4,45,4,0.6282109839299621,2026-08-23 15:25:52.370416,2026-08-23 15:25:53.893194,0 days 00:00:01.522778,0.8633185981540121,4.1287698274860265,0.00379966201388,7,4,329,0.0001161445243699,7.0347774357385e-08,0.5551206611328663,COMPLETE
1,42,11,0.6281611426912178,2026-08-21 14:44:56.575135,2026-08-21 14:44:57.341122,0 days 00:00:00.765987,0.5156896024754595,1.460357086736087,0.0035243328624336,7,5,192,2.353570282659133e-05,9.52451947739906e-06,0.6429271542225495,COMPLETE
1,42,23,0.6279968484750554,2026-08-21 14:45:07.875964,2026-08-21 14:45:08.783506,0 days 00:00:00.907542,0.5497087518158335,2.072958782974687,0.0475507844881912,5,4,385,0.0003371476165628,3.618941765058592e-05,0.5402473597071266,COMPLETE
1,42,2,0.6278920215089479,2026-08-21 14:44:47.210974,2026-08-21 14:44:48.193093,0 days 00:00:00.982119,0.6460723242676091,2.28034992108518,0.0255794889609473,4,4,316,0.1165691561324743,6.267062696005991e-07,0.569746930326021,COMPLETE
2,43,36,0.6274136037502027,2026-08-21 15:29:33.065111,2026-08-21 15:29:34.361504,0 days 00:00:01.296393,0.7456793972502274,2.391324669898619,0.0791760250888077,10,2,394,0.0001515833904935,0.0969014548767368,0.6336274279248124,COMPLETE
2,43,32,0.6273900227335529,2026-08-21 15:29:27.606927,2026-08-21 15:29:30.141577,0 days 00:00:02.534650,0.7571315162900025,2.0815977167698545,0.0036326694258337,8,3,242,0.0018310278103078,1.3541184290378284e-06,0.5991351367066299,COMPLETE
4,45,36,0.6272313639009224,2026-08-23 15:27:09.691925,2026-08-23 15:27:10.713650,0 days 00:00:01.021725,0.6833456756914833,2.71745632755834,0.0460438257734066,5,6,336,0.0348172350032168,5.818207365841778e-06,0.6754769897583441,COMPLETE
3,44,26,0.6270514339572166,2026-08-23 13:42:54.590720,2026-08-23 13:42:56.710329,0 days 00:00:02.119609,0.7330429568957979,0.379353540964698,0.0760641574174136,5,5,364,1.026520263447913e-07,0.0034202706814092,0.5964005954338875,COMPLETE
1,42,45,0.6268773826823942,2026-08-21 14:45:26.533204,2026-08-21 14:45:26.932262,0 days 00:00:00.399058,0.5215957922368653,3.024160034442584,0.069348293576875,6,7,183,0.4869762030870123,0.0014276683792388,0.8910819829588581,COMPLETE
1,42,46,0.6267938368262056,2026-08-21 14:45:26.933635,2026-08-21 14:45:27.673918,0 days 00:00:00.740283,0.6266851213460426,3.3900439317053728,0.0339775700606018,4,6,307,0.0297375401196386,2.222312264389364e-06,0.7763206069318512,COMPLETE
3,44,38,0.6267761478840224,2026-08-23 13:43:58.063941,2026-08-23 13:44:04.686158,0 days 00:00:06.622217,0.808079440548425,1.1914330992326954,0.1003944332806885,6,3,500,2.977797819685188e-07,0.0010953819814142,0.5259024559209657,COMPLETE
3,44,33,0.6264453598744864,2026-08-23 13:43:23.777654,2026-08-23 13:43:28.193159,0 days 00:00:04.415505,0.7652024184458437,0.0176759002228656,0.1092647256565149,9,4,487,7.778155368616044e-07,2.1582091591723566e-06,0.6916218704232292,COMPLETE
3,44,12,0.6263533978710869,2026-08-23 13:42:07.696364,2026-08-23 13:42:11.279398,0 days 00:00:03.583034,0.8491838931406683,1.4235347069610107,0.0099317229343482,9,7,512,2.8488179455109577e-06,0.0009312725657421,0.5023127081583534,COMPLETE
2,43,23,0.6262297254754624,2026-08-21 15:29:22.073690,2026-08-21 15:29:22.811885,0 days 00:00:00.738195,0.7835071306394285,2.157190641368496,0.0236736520560045,8,4,139,0.0001721161932636,0.0001473782453962,0.9685327010516273,COMPLETE
1,42,29,0.6260832765620281,2026-08-21 14:45:13.440713,2026-08-21 14:45:13.818119,0 days 00:00:00.377406,0.5793372546177734,4.14919243311798,0.0573539440990523,5,10,170,0.0623529243768887,0.0025244715620066,0.8003998227114943,COMPLETE
1,42,26,0.625981235018138,2026-08-21 14:45:11.706813,2026-08-21 14:45:12.267910,0 days 00:00:00.561097,0.5397166749799042,1.788824526618329,0.1023407310614365,2,3,318,4.070074590933111e-06,2.0677020440862736e-06,0.5463307312277667,COMPLETE
2,43,22,0.6259482248982594,2026-08-21 15:29:21.477841,2026-08-21 15:29:22.072820,0 days 00:00:00.594979,0.6814273388542844,2.7321530706630184,0.0575206867265116,10,3,205,0.0606072348952559,1.1511018157773224e-08,0.7651371753849014,COMPLETE
1,42,31,0.6256154912612334,2026-08-21 14:45:14.358898,2026-08-21 14:45:14.989923,0 days 00:00:00.631025,0.6038338894068245,3.064827504908465,0.0345413262249846,6,7,288,1.0040448305087321e-08,0.0039538906910808,0.6850057511789593,COMPLETE
3,44,18,0.6250951521657712,2026-08-23 13:42:28.165433,2026-08-23 13:42:30.384318,0 days 00:00:02.218885,0.6525556700685481,4.118419243947748,0.1914775721790158,2,5,551,9.43048530225825e-06,0.0020892236439719,0.6311977526823452,COMPLETE
1,42,38,0.6250746772112884,2026-08-21 14:45:19.569334,2026-08-21 14:45:21.936490,0 days 00:00:02.367156,0.5873766191108569,1.3739826097105523,0.0135191165108942,7,2,436,0.0221783976306755,0.0008721599989982,0.8394440383875981,COMPLETE
1,42,22,0.6248699668202174,2026-08-21 14:45:06.744628,2026-08-21 14:45:07.875113,0 days 00:00:01.130485,0.5519037938620233,2.6995498360077583,0.0022156128887884,9,5,320,1.85968709086843e-05,3.134971453310035e-06,0.6074586530287305,COMPLETE
4,45,48,0.6248457164031815,2026-08-23 15:27:41.248065,2026-08-23 15:27:43.204808,0 days 00:00:01.956743,0.5539771977768578,1.156557115947072,0.0097373281379249,5,4,159,0.0005803506256118,0.0006288957600266,0.6146618730569959,COMPLETE
1,42,42,0.6247809619435218,2026-08-21 14:45:24.239259,2026-08-21 14:45:24.931746,0 days 00:00:00.692487,0.5325004083404142,3.1530720491328674,0.028376067823061,5,8,268,0.001652054129082,0.0112218920415012,0.666628717754669,COMPLETE
4,45,23,0.6245812753491726,2026-08-23 15:26:26.079505,2026-08-23 15:26:28.927976,0 days 00:00:02.848471,0.9349949846934276,4.181827724969597,0.0023622359061891,6,4,180,0.0008133383036434,0.0001792681398059,0.7863714011878833,COMPLETE
3,44,30,0.6244803779380401,2026-08-23 13:43:03.853711,2026-08-23 13:43:09.694304,0 days 00:00:05.840593,0.6219600463453805,0.522306052473843,0.1371504960486415,10,3,442,1.0771356624543027,1.621480201119822e-06,0.7227398908538333,COMPLETE
4,45,49,0.6244436897315959,2026-08-23 15:27:43.208307,2026-08-23 15:27:45.721956,0 days 00:00:02.513649,0.8578315607632336,3.873966991342441,0.0023676674254015,8,6,595,0.0159249608260457,0.132752636505733,0.5269517872646038,COMPLETE
4,45,26,0.6243667854965749,2026-08-23 15:26:33.552176,2026-08-23 15:26:34.327893,0 days 00:00:00.775717,0.7646717926621686,4.036176424824192,0.016617637826398,7,5,242,4.093931739549746e-05,0.0431826318823733,0.7042419820687978,COMPLETE
3,44,43,0.6239826360306668,2026-08-23 13:44:27.911516,2026-08-23 13:44:29.448718,0 days 00:00:01.537202,0.5910854359797021,2.3972756358719494,0.1646279653885142,7,5,222,0.442803307625113,1.573615310094282e-05,0.703610722666682,COMPLETE
2,43,12,0.6238000745110623,2026-08-21 15:29:12.328380,2026-08-21 15:29:14.057682,0 days 00:00:01.729302,0.5603850523805668,1.4607746240194528,0.0090758563779926,9,3,267,3.5616199335379426e-05,2.7651588753915484e-07,0.9611226694724768,COMPLETE
1,42,32,0.6236112827974368,2026-08-21 14:45:14.990802,2026-08-21 14:45:15.441115,0 days 00:00:00.450313,0.5010204052155639,2.463696443537028,0.139416078857671,6,6,233,7.101961222005121e-08,0.000961029179467,0.7157081128155256,COMPLETE
2,43,37,0.6234579935893623,2026-08-21 15:29:34.363289,2026-08-21 15:29:36.065906,0 days 00:00:01.702617,0.6936937301065226,0.4087179903724124,0.0144306166847748,9,4,252,1.732878080019928e-05,1.5779261179220175e-06,0.8817950061749693,COMPLETE
1,42,10,0.6233105918908787,2026-08-21 14:44:55.002638,2026-08-21 14:44:56.574226,0 days 00:00:01.571588,0.7680942943488797,0.0756340795669231,0.0051052099857137,2,7,573,0.0033270549634362,2.6701270073566428e-08,0.6889757749826013,COMPLETE
4,45,14,0.6232994848312441,2026-08-23 15:26:12.350960,2026-08-23 15:26:13.072384,0 days 00:00:00.721424,0.9540112759714447,4.937911465041461,0.0382742697910656,4,3,152,0.0045551798986635,2.1530932322238145e-05,0.5014098250256136,COMPLETE
3,44,28,0.6230506625853623,2026-08-23 13:42:58.905596,2026-08-23 13:43:01.262680,0 days 00:00:02.357084,0.6738165586993622,1.0751552526842685,0.0873116545807533,4,8,544,6.17006815750049e-08,3.849274931756399e-05,0.739494683902299,COMPLETE
4,45,20,0.6229049179477506,2026-08-23 15:26:17.248464,2026-08-23 15:26:19.076025,0 days 00:00:01.827561,0.7707014107363688,4.846022593821658,0.001877008117851,7,3,390,0.0329965404379375,1.6679775001079008e-06,0.5002737311743427,COMPLETE
4,45,10,0.6223900353407903,2026-08-23 15:26:07.709996,2026-08-23 15:26:08.405399,0 days 00:00:00.695403,0.6207180836354537,3.3069744701271824,0.073464028468288,2,4,225,0.0052488426496492,0.0550730707676002,0.667373299952011,COMPLETE
4,45,7,0.6220021321264632,2026-08-23 15:25:59.456771,2026-08-23 15:26:05.100933,0 days 00:00:05.644162,0.648193720340771,0.473848290773064,0.0119576854309614,8,2,425,0.0002666050756478,8.26053791785918,0.5938728640754647,COMPLETE
1,42,12,0.6219812847341648,2026-08-21 14:44:57.342247,2026-08-21 14:44:57.756221,0 days 00:00:00.413974,0.5104652503713092,2.8794061560394715,0.1254144949800258,8,4,203,2.0057322817130532e-08,0.021431499593911,0.5069437572851635,COMPLETE
4,45,16,0.6219532453492818,2026-08-23 15:26:14.153071,2026-08-23 15:26:14.655452,0 days 00:00:00.502381,0.7862798870139173,2.686602506047426,0.0679918135785856,6,10,263,0.0115428561791897,0.0012820146956001,0.7339796996834265,COMPLETE
2,43,33,0.6216683350236702,2026-08-21 15:29:30.142600,2026-08-21 15:29:31.436029,0 days 00:00:01.293429,0.7069409175427722,1.2802991287016223,0.0056816380168347,5,4,160,0.0221158619227545,6.189968377752657e-06,0.501839017743067,COMPLETE
4,45,9,0.6216339794923409,2026-08-23 15:26:06.855519,2026-08-23 15:26:07.709086,0 days 00:00:00.853567,0.8815978014137902,3.633741980857201,0.0191825181949777,9,10,322,1.8779767494793083e-06,1.4692142099406909,0.9939578214107327,COMPLETE
2,43,45,0.6215671748609017,2026-08-21 15:29:39.361752,2026-08-21 15:29:40.376790,0 days 00:00:01.015038,0.6645946449975983,2.2739262717410145,0.0474878460934407,4,3,502,0.0009933678137461,2.4112247705298872e-08,0.8610864035274279,COMPLETE
1,42,36,0.6214331157394558,2026-08-21 14:45:18.498247,2026-08-21 14:45:19.047226,0 days 00:00:00.548979,0.692608252492467,2.303408629696718,0.0608462094980844,8,9,160,0.3298269673220831,8.668646909495341e-05,0.8455775174757567,COMPLETE
4,45,38,0.6214015896416595,2026-08-23 15:27:11.785184,2026-08-23 15:27:13.607403,0 days 00:00:01.822219,0.8627279547368076,3.9886861435440415,0.0029684527778762,4,5,307,0.0001601985240324,1.596807042101562e-07,0.8782514266736579,COMPLETE
2,43,21,0.6211986190779324,2026-08-21 15:29:20.784018,2026-08-21 15:29:21.476375,0 days 00:00:00.692357,0.607686228769512,1.6151165549778128,0.1078860522988992,9,2,184,0.0059055925735894,2.1398523529719364e-06,0.8194143263581972,COMPLETE
1,42,18,0.6211911192985962,2026-08-21 14:45:03.191808,2026-08-21 14:45:04.071800,0 days 00:00:00.879992,0.5460737159431066,4.142809982398939,0.0307981129444587,6,8,484,0.000123233177798,5.560493184030321e-07,0.6301562836345488,COMPLETE
1,42,20,0.6211703109781318,2026-08-21 14:45:04.849247,2026-08-21 14:45:05.255376,0 days 00:00:00.406129,0.964051434116436,1.5972733117451905,0.1960399088706231,5,3,142,5.499677472057867e-07,1.1317257008377516e-07,0.7497214192915087,COMPLETE
4,45,25,0.6209843350450679,2026-08-23 15:26:31.154002,2026-08-23 15:26:33.550752,0 days 00:00:02.396750,0.5812851451591571,4.9628036764161445,0.0026075896654112,4,2,292,3.3087292696315615e-08,7.515384679118324e-05,0.6564534176211543,COMPLETE
2,43,24,0.6207998764817412,2026-08-21 15:29:22.812672,2026-08-21 15:29:23.545564,0 days 00:00:00.732892,0.5659542900746956,0.596890977331487,0.1194700511619177,9,2,213,6.809418374276834e-06,6.0882896024207365e-06,0.8516511908236452,COMPLETE
1,42,43,0.6204700946547493,2026-08-21 14:45:24.932658,2026-08-21 14:45:25.734181,0 days 00:00:00.801523,0.588136533859893,2.839274045880656,0.0507506151624281,8,6,212,0.0762228823803777,0.0003706545614205,0.7328340261876983,COMPLETE
4,45,32,0.6204057890853495,2026-08-23 15:26:57.223024,2026-08-23 15:27:01.873795,0 days 00:00:04.650771,0.7450997932446743,4.265695046661032,0.0014231215189835,5,5,305,7.80440897607759e-05,3.866043198985831e-05,0.5364368541198066,COMPLETE
4,45,0,0.6200906889083475,2026-08-23 15:25:44.006873,2026-08-23 15:25:47.153146,0 days 00:00:03.146273,0.7222347479859015,0.2426100045322293,0.0044424104697333,6,5,595,2.9506658740520745e-07,1.1054940347884732e-07,0.5386447830395864,COMPLETE
3,44,25,0.6200095057276751,2026-08-23 13:42:52.960510,2026-08-23 13:42:54.589238,0 days 00:00:01.628728,0.8055594326282656,1.1000369342901224,0.1864494160322046,3,2,477,7.495485215042343e-07,3.329338520004868e-06,0.6576317559722068,COMPLETE
3,44,35,0.619721342683873,2026-08-23 13:43:37.932322,2026-08-23 13:43:41.435217,0 days 00:00:03.502895,0.6897605536368023,2.1593756188739457,0.146559200995165,3,3,532,5.229142551189519e-08,0.0037677978109754,0.777567541337375,COMPLETE
2,43,17,0.6194691895976756,2026-08-21 15:29:16.228070,2026-08-21 15:29:18.500354,0 days 00:00:02.272284,0.7273897269302417,0.6068640680873576,0.0180145037184497,7,4,340,7.038891455232068e-05,0.0003477767598464,0.934083733071436,COMPLETE
2,43,11,0.619392021122882,2026-08-21 15:29:10.572449,2026-08-21 15:29:12.327505,0 days 00:00:01.755056,0.6667566235872223,1.860500588957744,0.0102998478069984,8,2,269,0.0681799364089652,9.74237858243147e-07,0.8558704704220289,COMPLETE
4,45,24,0.6190684157169922,2026-08-23 15:26:28.929422,2026-08-23 15:26:31.152516,0 days 00:00:02.223094,0.9165866699639188,3.3739204232594635,0.0062998588075978,3,6,362,2.8044170311530862e-06,0.0050605106141729,0.5716198275600639,COMPLETE
2,43,44,0.6188003533578605,2026-08-21 15:29:39.089260,2026-08-21 15:29:39.360765,0 days 00:00:00.271505,0.623434287281329,1.971818003473543,0.145010458175202,8,7,149,0.1888358668755836,1.4454481332631366e-05,0.9992590797009336,COMPLETE
4,45,22,0.6183329931381553,2026-08-23 15:26:23.317044,2026-08-23 15:26:26.078556,0 days 00:00:02.761512,0.8414400690736507,4.562099236266417,0.0014733142531802,5,5,278,4.738648748459029e-05,0.0021690278515924,0.7196812495290609,COMPLETE
3,44,49,0.6183118859466271,2026-08-23 13:44:38.200839,2026-08-23 13:44:40.238458,0 days 00:00:02.037619,0.6096820510966001,0.2412711761079644,0.1499683280524106,7,4,173,0.0227730670238054,2.061769718930011e-08,0.7475301108850938,COMPLETE
1,42,19,0.6182703393407085,2026-08-21 14:45:04.072671,2026-08-21 14:45:04.848012,0 days 00:00:00.775341,0.6358623562239855,0.6356356966400869,0.0884736109487957,3,5,356,0.0001210444333668,0.0001319845058051,0.8616464617879831,COMPLETE
3,44,24,0.6177583934877554,2026-08-23 13:42:47.478637,2026-08-23 13:42:52.959593,0 days 00:00:05.480956,0.999085739136646,1.844577890713956,0.0509387144842106,4,3,559,1.7120470248237803e-08,5.6459299955451607e-05,0.5525742461136046,COMPLETE
1,42,8,0.6162444421444331,2026-08-21 14:44:52.801523,2026-08-21 14:44:53.720740,0 days 00:00:00.919217,0.8856351733429728,1.7923286427213632,0.0423155461826007,9,1,102,1.1036250149900698e-07,0.5860448217200517,0.8645035840204937,COMPLETE
2,43,28,0.6158851782889924,2026-08-21 15:29:25.240073,2026-08-21 15:29:25.516428,0 days 00:00:00.276355,0.9200212338487472,1.6707959043617515,0.1384017238700433,7,5,115,0.9924102966956272,4.105177223545247e-07,0.9364126823348304,COMPLETE
4,45,33,0.6154703387693276,2026-08-23 15:27:01.874756,2026-08-23 15:27:06.733301,0 days 00:00:04.858545,0.7165452137598636,1.865689739890052,0.0274719839308121,6,3,381,0.0004323845755987,0.00050293532739,0.7087282582956629,COMPLETE
2,43,46,0.6152424328392685,2026-08-21 15:29:40.379907,2026-08-21 15:29:40.879689,0 days 00:00:00.499782,0.7345370557742671,1.559621310393024,0.0707108720110713,6,9,196,0.0370679638812426,1.4639949356025449e-07,0.782321093941795,COMPLETE
3,44,46,0.6149355002560415,2026-08-23 13:44:34.101161,2026-08-23 13:44:35.515795,0 days 00:00:01.414634,0.5347224291593853,3.153066256871388,0.1268125640495013,4,3,216,0.0029935391436939,9.629462289509407e-07,0.6439512868434968,COMPLETE
4,45,37,0.6148656435307742,2026-08-23 15:27:10.714728,2026-08-23 15:27:11.781627,0 days 00:00:01.066899,0.8225983140523276,0.0065950264412841,0.1727166140947638,7,4,350,8.246917986659827e-07,0.015558349601074,0.6039599031916205,COMPLETE
4,45,47,0.6144023086321118,2026-08-23 15:27:36.029585,2026-08-23 15:27:41.246654,0 days 00:00:05.217069,0.9273543954580196,4.328697138212155,0.0017796927548428,7,1,350,8.845267059335362e-06,3.4772748135356813e-08,0.6926711353145875,COMPLETE
4,45,29,0.6143899249706439,2026-08-23 15:26:42.814049,2026-08-23 15:26:49.319728,0 days 00:00:06.505679,0.9152691621002328,3.241115199324893,0.0028042518022237,6,3,179,0.0008264762909129,1.5549152060903223e-06,0.8216129040656268,COMPLETE
1,42,0,0.6142259890343025,2026-08-21 14:44:44.548995,2026-08-21 14:44:46.478187,0 days 00:00:01.929192,0.5780093202212182,0.2904180608409973,0.0483437145318464,10,2,287,0.6245760287469893,0.0025706035661175,0.7993292420985183,COMPLETE
4,45,39,0.6141047196130544,2026-08-23 15:27:13.608335,2026-08-23 15:27:15.186069,0 days 00:00:01.577734,0.7349070281190561,1.9261716509785176,0.0132784162917074,3,2,248,2.1222696975919044e-05,0.8191264162461643,0.5638871874338001,COMPLETE
2,43,48,0.6137915239641459,2026-08-21 15:29:41.283141,2026-08-21 15:29:41.909770,0 days 00:00:00.626629,0.7590203999953593,3.578839636689352,0.0332651088359759,8,5,129,0.0037057559806287,0.001207272739883,0.924381444138516,COMPLETE
2,43,8,0.6135647107003359,2026-08-21 15:29:02.956119,2026-08-21 15:29:03.916708,0 days 00:00:00.960589,0.9718212140921456,4.498368096837064,0.0397938638455536,8,6,474,6.126592006277137e-07,0.0022389411652447,0.5513713892866059,COMPLETE
2,43,38,0.6129342725200433,2026-08-21 15:29:36.066826,2026-08-21 15:29:36.669198,0 days 00:00:00.602372,0.5372128869516397,1.1090013262540928,0.0365622884194465,3,5,200,0.0018170663978923,1.442703788114951e-05,0.5485938224277271,COMPLETE
2,43,30,0.6127582616716606,2026-08-21 15:29:25.964818,2026-08-21 15:29:26.426589,0 days 00:00:00.461771,0.5696280716923392,1.3511303689191374,0.0075599315679487,9,8,141,0.0004380663031828,3.418743614364419e-06,0.8353999448242023,COMPLETE
2,43,10,0.6123673506215425,2026-08-21 15:29:10.251834,2026-08-21 15:29:10.571645,0 days 00:00:00.319811,0.8490100367259142,0.2334884971421003,0.1805894454867944,2,10,102,0.2861212601771136,9.147085251986364e-08,0.999617339295869,COMPLETE
4,45,8,0.6121046536475987,2026-08-23 15:26:05.104054,2026-08-23 15:26:06.854594,0 days 00:00:01.750540,0.9701523167153115,0.1970990144313311,0.0050305403813831,3,8,540,2.752085224749291e-07,3.785206201608591e-08,0.8023976086431988,COMPLETE
1,42,44,0.6120252032005506,2026-08-21 14:45:25.735489,2026-08-21 14:45:26.532452,0 days 00:00:00.796963,0.8004792388244336,2.3123187798325944,0.1019763738488323,7,5,374,1.2294273753591571e-06,0.0062356942577692,0.8131170219516786,COMPLETE
2,43,34,0.6116493667336729,2026-08-21 15:29:31.436925,2026-08-21 15:29:32.262805,0 days 00:00:00.825880,0.6399314217850391,0.862198223820253,0.053576843570869,6,6,268,0.0007952732087505,0.0003138964857167,0.5427102454267525,COMPLETE
3,44,39,0.6115153254403205,2026-08-23 13:44:04.687485,2026-08-23 13:44:13.411032,0 days 00:00:08.723547,0.5209232684781578,1.6995250532407309,0.0143826118323984,7,8,389,6.749833344156504e-08,1.0198151875800718e-06,0.5662475659957324,COMPLETE
2,43,9,0.6114399429935203,2026-08-21 15:29:03.918246,2026-08-21 15:29:10.250938,0 days 00:00:06.332692,0.6457113448368039,2.848121994715295,0.0011366132932729,10,1,583,1.111090827394998e-08,0.0031732062939969,0.7406516667276584,COMPLETE
1,42,1,0.6109721697049192,2026-08-21 14:44:46.479267,2026-08-21 14:44:47.209600,0 days 00:00:00.730333,0.6061695553391381,0.9170225492671692,0.1705264153898309,2,2,454,5.472429642032198e-06,0.0005282115394532,0.9162213204002108,COMPLETE
4,45,5,0.6107940035695139,2026-08-23 15:25:53.894398,2026-08-23 15:25:58.715536,0 days 00:00:04.821138,0.5334691355941747,0.8608340865321573,0.0019079624498854,8,2,544,1.997569034409164,0.0099309830583433,0.9279345358418144,COMPLETE
4,45,30,0.61036761119461,2026-08-23 15:26:49.320661,2026-08-23 15:26:55.932761,0 days 00:00:06.612100,0.8426112215098532,3.747413025550368,0.0046805193834434,6,2,136,1.7963422474352973e-07,3.0923940915699735e-07,0.6462386541265194,COMPLETE
3,44,47,0.6094297471235509,2026-08-23 13:44:35.516750,2026-08-23 13:44:36.443468,0 days 00:00:00.926718,0.5737598464831578,2.6607807875315697,0.0936557325210295,2,7,263,0.0002671330528605,0.0002852570995373,0.6121160880607023,COMPLETE
4,45,28,0.6082110344983838,2026-08-23 15:26:37.572040,2026-08-23 15:26:42.813040,0 days 00:00:05.241000,0.9893772979697828,4.500810442440455,0.0015496158418395,5,1,195,0.1480990937814873,1.1081532083927073e-08,0.7703225867916121,COMPLETE
3,44,36,0.6074935230368363,2026-08-23 13:43:41.436542,2026-08-23 13:43:49.380449,0 days 00:00:07.943907,0.7374089283773263,2.632700291133383,0.0623864716995071,8,1,455,4.518160611029072e-05,0.0001114765518408,0.8359771023402496,COMPLETE
1,42,17,0.6074285935579331,2026-08-21 14:45:02.644046,2026-08-21 14:45:03.191006,0 days 00:00:00.546960,0.6865743928793949,2.533881284358335,0.0743441479223582,3,6,241,0.0128057271408109,2.624424068813142e-05,0.7259176384647854,COMPLETE
1,42,30,0.6073184237669725,2026-08-21 14:45:13.819446,2026-08-21 14:45:14.357787,0 days 00:00:00.538341,0.5641687774406999,0.3568722574739706,0.0575781688772298,3,9,258,6.369997077759762e-08,4.523676628393854e-05,0.7429396588589114,COMPLETE
2,43,19,0.6064269463884264,2026-08-21 15:29:19.138245,2026-08-21 15:29:20.048502,0 days 00:00:00.910257,0.6114922558873992,1.9151190170485173,0.0859505213758213,10,1,307,0.3954160196202289,1.0093708623879857e-07,0.6977257122856988,COMPLETE
2,43,41,0.605912589751509,2026-08-21 15:29:37.947067,2026-08-21 15:29:38.262799,0 days 00:00:00.315732,0.7432399724646281,2.439478751848383,0.1019898870789449,9,7,114,0.02986799384099,1.316851048660857e-05,0.7277152255415824,COMPLETE
4,45,40,0.6057715985729936,2026-08-23 15:27:15.186998,2026-08-23 15:27:15.858931,0 days 00:00:00.671933,0.7852469294610597,0.7034603986324584,0.0057205274573895,10,7,135,2.403487470845108e-06,0.0055518290183084,0.7498310516345227,COMPLETE
4,45,35,0.6057344511149202,2026-08-23 15:27:07.477128,2026-08-23 15:27:09.690913,0 days 00:00:02.213785,0.8492600968915645,1.0527335916026117,0.0040205230517148,4,4,440,0.0002472060035838,6.657106859562183,0.6380167562856496,COMPLETE
1,42,16,0.6051206386686906,2026-08-21 14:45:02.312784,2026-08-21 14:45:02.643191,0 days 00:00:00.330407,0.8302996229142291,3.633723830513824,0.0760409835325838,5,3,102,0.0043485183192137,1.3140531432759262e-08,0.5025522466194391,COMPLETE
1,42,39,0.6048895222902987,2026-08-21 14:45:21.937851,2026-08-21 14:45:22.933268,0 days 00:00:00.995417,0.6695848030945764,2.549213911853736,0.0265090477965024,4,5,342,1.2654142341059955,0.0860527134614406,0.9205425356190764,COMPLETE
3,44,44,0.6045998338048282,2026-08-23 13:44:29.449713,2026-08-23 13:44:33.232938,0 days 00:00:03.783225,0.5881764638380805,2.812484411017908,0.1133363092949967,8,4,185,0.0148223919021342,5.293421495898202e-06,0.678407861797066,COMPLETE
3,44,15,0.6045405287368885,2026-08-23 13:42:19.290704,2026-08-23 13:42:22.774184,0 days 00:00:03.483480,0.7817152893642773,3.741138923134464,0.0513035581928855,3,1,517,0.0001775720939544,6.421368069572564e-06,0.9142967416736978,COMPLETE
2,43,29,0.6022388846111785,2026-08-21 15:29:25.517199,2026-08-21 15:29:25.963784,0 days 00:00:00.446585,0.6693848579056939,3.122858012771062,0.0159650121627725,7,9,184,0.0174849840644185,3.586418672312861e-08,0.6700964280356025,COMPLETE
2,43,49,0.6020603124807729,2026-08-21 15:29:41.910614,2026-08-21 15:29:43.779203,0 days 00:00:01.868589,0.8879127899401869,1.1562901827525645,0.021956483916618,10,1,225,1.1861076163943134,5.652842300906091e-07,0.8795601406967046,COMPLETE
1,42,41,0.6014032375570892,2026-08-21 14:45:23.776361,2026-08-21 14:45:24.238488,0 days 00:00:00.462127,0.5285133309448413,3.8049734971623774,0.039033730963051,4,7,252,1.8045334796138968,0.0029319962858173,0.6956872000729066,COMPLETE
2,43,5,0.6012791978384289,2026-08-21 15:28:59.633045,2026-08-21 15:29:00.675266,0 days 00:00:01.042221,0.9967862461970518,2.225307062448413,0.0029927004662918,10,8,238,0.0011116511586888,5.026890229380336e-05,0.7022026215377037,COMPLETE
3,44,11,0.6009952989981983,2026-08-23 13:42:02.426712,2026-08-23 13:42:07.695479,0 days 00:00:05.268767,0.8419426387044797,3.634205815831205,0.0384458849395924,5,1,588,0.0008338338184753,0.0005388230693829,0.6954562788579342,COMPLETE
3,44,5,0.6008916835512167,2026-08-23 13:41:52.621680,2026-08-23 13:41:54.052344,0 days 00:00:01.430664,0.5474859916482291,2.4636174592832205,0.1381002452046792,8,5,455,9.566686346739077e-08,2.418856741666164e-07,0.9408363744286414,COMPLETE
4,45,46,0.5995283963317855,2026-08-23 15:27:29.439435,2026-08-23 15:27:36.028665,0 days 00:00:06.589230,0.9987458317338233,3.52903453262966,0.0012831948371328,6,3,276,0.0043921690934131,3.0672014584250653,0.5851621498989914,COMPLETE
3,44,9,0.5991295649064878,2026-08-23 13:41:58.657631,2026-08-23 13:42:00.604653,0 days 00:00:01.947022,0.5914518603702831,4.2664882960590935,0.0987234065639132,6,2,154,2.7295266517645643e-08,0.0003125072206753,0.5091275538414759,COMPLETE
4,45,6,0.5980445264896478,2026-08-23 15:25:58.717696,2026-08-23 15:25:59.455285,0 days 00:00:00.737589,0.7011856419778424,2.2193706304171323,0.1837797485500907,4,1,227,7.308439471249246e-07,8.004046139815355e-06,0.839397687166152,COMPLETE
3,44,34,0.5977777239718008,2026-08-23 13:43:28.194077,2026-08-23 13:43:37.929448,0 days 00:00:09.735371,0.938361745501326,1.287616846317433,0.0415238319084865,8,1,571,1.0248718470166347e-08,0.0003063055495645,0.5758984846948252,COMPLETE
2,43,39,0.5975856289168201,2026-08-21 15:29:36.670319,2026-08-21 15:29:37.503172,0 days 00:00:00.832853,0.652408395179585,1.798796903357864,0.0050173187216151,8,9,301,0.0973421412542814,3.009059162332296,0.7802083701817845,COMPLETE
2,43,25,0.5960804002135804,2026-08-21 15:29:23.546430,2026-08-21 15:29:23.948977,0 days 00:00:00.402547,0.6336653382984994,0.7606244067950415,0.0108023467960075,10,10,144,0.002598054538671,9.24064441058569e-08,0.9011501581311806,COMPLETE
3,44,10,0.5936433158338883,2026-08-23 13:42:00.605584,2026-08-23 13:42:02.425840,0 days 00:00:01.820256,0.6971598994202579,3.0818611328565764,0.0054979957556273,2,7,279,1.8745682813284417e-05,1.0953749874325417e-08,0.8496671667384655,COMPLETE
4,45,17,0.59200341484079,2026-08-23 15:26:14.656299,2026-08-23 15:26:15.045630,0 days 00:00:00.389331,0.5013528191416345,1.5771534081228389,0.001174120161949,4,6,102,7.282812927568342e-06,0.0012024290089555,0.6116326371772967,COMPLETE
4,45,3,0.5912879266520831,2026-08-23 15:25:51.142872,2026-08-23 15:25:52.369521,0 days 00:00:01.226649,0.5552827283862556,2.0339626904414687,0.0032922486678608,10,7,137,0.3399891470022257,1.7794010831552574e-06,0.8531857423039981,COMPLETE
2,43,1,0.5908532973666036,2026-08-21 15:28:53.761640,2026-08-21 15:28:55.073515,0 days 00:00:01.311875,0.528442468325576,1.1051449794218566,0.070070380834122,5,9,467,4.414738992930892e-05,6.99629702768732e-06,0.6272105629299396,COMPLETE
3,44,6,0.5905380834283229,2026-08-23 13:41:54.053271,2026-08-23 13:41:56.161960,0 days 00:00:02.108689,0.5661791473692652,1.5371127941281122,0.1159774089064203,4,4,593,6.28777048504857e-05,9.527249028758332e-06,0.5821173227620424,COMPLETE
2,43,43,0.5903510925413991,2026-08-21 15:29:38.616384,2026-08-21 15:29:39.088344,0 days 00:00:00.471960,0.7203360472786114,2.5009417800019853,0.0010695117763885,9,8,164,0.0079172300772016,7.363900098953867e-07,0.682321100323058,COMPLETE
3,44,2,0.590072772143155,2026-08-23 13:41:45.764866,2026-08-23 13:41:47.835018,0 days 00:00:02.070152,0.7293520351526812,1.2922515293353682,0.0291991067579897,3,9,423,0.0096307449106411,0.5808567283006757,0.5695731259924517,COMPLETE
4,45,34,0.5892143131472194,2026-08-23 15:27:06.734495,2026-08-23 15:27:07.475991,0 days 00:00:00.741496,0.8944986314011574,2.373335320452187,0.0020682631361055,3,7,196,0.002339314089842,6.309396868747915e-06,0.5394127254376604,COMPLETE
2,43,15,0.5888592155134481,2026-08-21 15:29:15.458829,2026-08-21 15:29:15.940912,0 days 00:00:00.482083,0.6014256303270663,3.5904030329222927,0.0249435441988713,8,3,348,5.168216634111089,1.4058706166548908e-08,0.9072995014250388,COMPLETE
3,44,7,0.5871068101407794,2026-08-23 13:41:56.164634,2026-08-23 13:41:57.887438,0 days 00:00:01.722804,0.9557074564611808,0.0792890017563191,0.0685756809035992,2,10,384,0.4821034216638812,0.0120352623880223,0.6343281852389641,COMPLETE
1,42,13,0.5851243759943656,2026-08-21 14:44:57.757517,2026-08-21 14:44:59.999151,0 days 00:00:02.241634,0.7450940845415303,1.1544748130012072,0.004840576892491,6,6,517,0.0008419177783513,9.5629227436597,0.9996812193207756,COMPLETE
2,43,26,0.5830554161077675,2026-08-21 15:29:23.949759,2026-08-21 15:29:24.619798,0 days 00:00:00.670039,0.7167151588506357,4.941699846904747,0.060578483542696,6,1,296,0.0003954175055868,7.164399303660286e-07,0.7142443205231892,COMPLETE
2,43,47,0.5828693799143441,2026-08-21 15:29:40.880672,2026-08-21 15:29:41.281123,0 days 00:00:00.400451,0.8356351978318515,2.6571845503218348,0.190368157422294,9,6,164,5.835790330841792e-08,8.217913384709961e-05,0.8295852290582114,COMPLETE
3,44,1,0.5811741325211749,2026-08-23 13:41:44.289037,2026-08-23 13:41:45.763254,0 days 00:00:01.474217,0.5567318505599852,4.787360345339587,0.0112382546417329,10,3,455,3.091409118798695,0.8638106026774913,0.7138257605308045,COMPLETE
3,44,14,0.5796660233827766,2026-08-23 13:42:13.983257,2026-08-23 13:42:19.289747,0 days 00:00:05.306490,0.9896457583626892,0.2600720837011259,0.0010896845905312,4,9,525,1.7134564737917282e-06,0.0180900606477301,0.786789284018182,COMPLETE
2,43,40,0.5776763670555637,2026-08-21 15:29:37.504540,2026-08-21 15:29:37.945937,0 days 00:00:00.441397,0.590052871068999,1.4159499725099225,0.0021626493852359,7,6,128,2.592898837782011,0.0001148825959948,0.8173526671291884,COMPLETE
3,44,3,0.5770480794772469,2026-08-23 13:41:47.836556,2026-08-23 13:41:49.475105,0 days 00:00:01.638549,0.5520114804951155,2.2759464836144394,0.0023239192638972,7,3,174,0.1416361933561608,8.26806969514178,0.5864474632911496,COMPLETE
3,44,17,0.5754417881216678,2026-08-23 13:42:26.023168,2026-08-23 13:42:28.164439,0 days 00:00:02.141271,0.7802203343357711,2.8564305338307903,0.0068562024063667,7,8,259,0.0071737172845226,9.655132437924374,0.7545191573374177,COMPLETE
1,42,9,0.5748251929291145,2026-08-21 14:44:53.721834,2026-08-21 14:44:55.001728,0 days 00:00:01.279894,0.6625916610133735,3.1877873567760657,0.001400392159198,4,8,412,0.9658611176861268,0.0001778010520878,0.6554911608578311,COMPLETE
2,43,3,0.5717441103220288,2026-08-21 15:28:55.422719,2026-08-21 15:28:56.476360,0 days 00:00:01.053641,0.7716012576402029,3.1818683878576133,0.0040139435897178,4,5,549,6.365568658076907,1.5064850301735548,0.5025647745322285,COMPLETE
1,42,3,0.5685031995715103,2026-08-21 14:44:48.194214,2026-08-21 14:44:48.784999,0 days 00:00:00.590785,0.5852620618436457,4.7444276862666666,0.0012790390175145,7,1,357,4.905556676028774,0.1886149587855393,0.8037724259507192,COMPLETE
1,42,5,0.5650731519328664,2026-08-21 14:44:49.537542,2026-08-21 14:44:50.163260,0 days 00:00:00.625718,0.5924272277627636,3.8756641168055728,0.0157286741949785,4,10,431,2.854239907497756,1.1309571585271485,0.7733551396716398,COMPLETE
2,43,0,0.5593080337959917,2026-08-21 15:28:52.962422,2026-08-21 15:28:53.760752,0 days 00:00:00.798330,0.6635695279055699,3.330451065490129,0.0020273867775857,7,9,157,0.0007420956921923,1.8244182999861027e-08,0.6202948099826744,COMPLETE
4,45,45,0.5575233316302735,2026-08-23 15:27:28.656816,2026-08-23 15:27:29.438205,0 days 00:00:00.781389,0.8727655166690863,4.969954511802844,0.0019727715823452,4,5,226,4.522728909838643,4.767069347807232e-05,0.7669231511808401,COMPLETE
4,45,1,0.5361995548338679,2026-08-23 15:25:47.154867,2026-08-23 15:25:48.748291,0 days 00:00:01.593424,0.7351753742018927,1.4133360326558368,0.0313260164156626,9,7,414,6.081767904485962,0.0114185771926047,0.9953608423789,COMPLETE
3,44,16,0.5199669646309963,2026-08-23 13:42:22.776708,2026-08-23 13:42:26.020329,0 days 00:00:03.243621,0.907858076463031,1.9660880297563528,0.0195015743498882,5,6,351,6.325356482115326,0.2011735322992313,0.9990367148266384,COMPLETE
1,42,37,0.4042000858876911,2026-08-21 14:45:19.048086,2026-08-21 14:45:19.568494,0 days 00:00:00.520408,0.6523790762424087,4.58783376749677,0.0197847863534715,7,7,300,6.865727594660688,1.9880314813692125e-07,0.9241535574097024,COMPLETE
5,46,0,0.6001007213727165,2026-08-23 15:37:08.597918,2026-08-23 15:37:10.609218,0 days 00:00:02.011300,0.6565384678158399,0.2143272417613195,0.0037415850686779,7,10,492,9.285490090834118e-05,1.63870436076868,0.8790379323249089,COMPLETE
5,46,1,0.5739079824909963,2026-08-23 15:37:10.610512,2026-08-23 15:37:11.754120,0 days 00:00:01.143608,0.8728584798469361,1.618329134503353,0.00156810720707,6,9,327,8.643100756988575e-08,0.1655664823053763,0.7131748955327688,COMPLETE
5,46,2,0.4961906473925961,2026-08-23 15:37:11.755033,2026-08-23 15:37:12.456135,0 days 00:00:00.701102,0.5238266098020166,1.3120759821409855,0.0012100706248513,7,4,297,8.217427057221059,3.600046687004414e-05,0.6499539250107678,COMPLETE
5,46,3,0.6141095956246472,2026-08-23 15:37:12.456925,2026-08-23 15:37:13.160545,0 days 00:00:00.703620,0.6448500203639276,4.817152074768144,0.0137014459271783,3,3,254,0.0034758806649691,0.5797699793575835,0.5289375948114706,COMPLETE
5,46,4,0.6474633092428155,2026-08-23 15:37:13.161548,2026-08-23 15:37:13.569985,0 days 00:00:00.408437,0.5116117525591474,0.290256581081264,0.0352870348015859,3,10,145,0.0632395700393078,3.814397093574995e-08,0.989495962406217,COMPLETE
5,46,5,0.6119116823897983,2026-08-23 15:37:13.571609,2026-08-23 15:37:14.548992,0 days 00:00:00.977383,0.7603948001944303,3.953025482208,0.0028118604469469,3,1,228,1.7717331704217544e-07,9.2109994492534e-08,0.5532784255451524,COMPLETE
5,46,6,0.6084950081468264,2026-08-23 15:37:14.552295,2026-08-23 15:37:15.188821,0 days 00:00:00.636526,0.5741614475716947,0.7380495237343987,0.0838146431894662,3,7,315,0.6871646753042722,0.0004225479040924,0.5029373600251197,COMPLETE
5,46,7,0.6182157101900914,2026-08-23 15:37:15.189716,2026-08-23 15:37:15.914989,0 days 00:00:00.725273,0.6729017138390166,4.144632154024291,0.013723307150979,2,5,312,0.026677097128749,0.0002394120149105,0.9733120644288346,COMPLETE
5,46,8,0.6253230906884883,2026-08-23 15:37:15.916518,2026-08-23 15:37:16.880684,0 days 00:00:00.964166,0.7882564772934917,3.260356807542084,0.0214536791599175,8,4,216,6.584994446793437e-08,2.019594553292901e-05,0.724192846829958,COMPLETE
5,46,9,0.642307092780172,2026-08-23 15:37:16.882116,2026-08-23 15:37:18.787126,0 days 00:00:01.905010,0.7788338135453382,0.6860752238214252,0.0118473809704533,9,4,386,1.3717603708397013,1.145319365542275e-06,0.8121457910207136,COMPLETE
5,46,10,0.5884968534579482,2026-08-23 15:37:18.790196,2026-08-23 15:37:19.059704,0 days 00:00:00.269508,0.94097007848447,2.5310316243937585,0.1983926012636863,5,8,107,4.317241784592806e-05,1.1321571981285632e-08,0.9786312647294128,COMPLETE
5,46,11,0.6337188014917665,2026-08-23 15:37:19.060476,2026-08-23 15:37:20.522287,0 days 00:00:01.461811,0.8337179314264115,0.0695818523235191,0.0425363936123759,9,6,460,0.1244127441378617,6.153433722282011e-07,0.8350422964207228,COMPLETE
5,46,12,0.5657543240024324,2026-08-23 15:37:20.523247,2026-08-23 15:37:21.810863,0 days 00:00:01.287616,0.9714299705116846,1.716669305764559,0.0076821513812027,5,2,588,6.74987225642241,1.0361203390886804e-06,0.8608967756623258,COMPLETE
5,46,13,0.643113821859696,2026-08-23 15:37:21.814083,2026-08-23 15:37:23.237796,0 days 00:00:01.423713,0.7290101711349908,0.8882986298001708,0.0376078052986822,10,6,415,0.0034684042214095,1.6356013208571853e-08,0.789316066869397,COMPLETE
5,46,14,0.6293297335525336,2026-08-23 15:37:23.239989,2026-08-23 15:37:23.569941,0 days 00:00:00.329952,0.5111178947418737,2.4420690132232585,0.040082242858318,10,10,101,0.0027446790143403,1.305430439777604e-08,0.9253098623104092,COMPLETE
5,46,15,0.6291953638227354,2026-08-23 15:37:23.573059,2026-08-23 15:37:27.203243,0 days 00:00:03.630184,0.5952358509139919,0.8784812545006634,0.0797747868026254,5,7,411,7.319166603085294e-06,0.0124943160508888,0.7666598369544662,COMPLETE
5,46,16,0.6119127660561186,2026-08-23 15:37:27.204162,2026-08-23 15:37:27.710464,0 days 00:00:00.506302,0.7096994998305994,2.2551266516832467,0.03319266185701,10,8,163,0.0017229355259502,1.9634648516289792e-07,0.6344176959877086,COMPLETE
5,46,17,0.6214000044462187,2026-08-23 15:37:27.711911,2026-08-23 15:37:29.696043,0 days 00:00:01.984132,0.8954294903263216,1.188906112331548,0.1037060418004241,4,6,548,0.0416860315072768,7.0740476535770026e-06,0.9204465312469488,COMPLETE
5,46,18,0.6326180216148366,2026-08-23 15:37:29.697748,2026-08-23 15:37:30.946141,0 days 00:00:01.248393,0.7151689895865779,0.0685580283440436,0.0072848984709605,2,9,403,2.488897533697734e-06,8.921755122302475e-08,0.786171048089428,COMPLETE
5,46,19,0.6297368333197466,2026-08-23 15:37:30.947693,2026-08-23 15:37:32.321551,0 days 00:00:01.373858,0.5829932669275357,2.0449883415009342,0.0237863906640708,7,8,470,0.000258619297203,0.0036589040109402,0.6548675825440704,COMPLETE
5,46,20,0.6447717003442415,2026-08-23 15:37:32.322507,2026-08-23 15:37:32.986324,0 days 00:00:00.663817,0.6134181708196806,0.6037833539755195,0.0609723062528765,4,5,171,0.0135846928618774,1.0359053239991968e-08,0.5993396249298597,COMPLETE
5,46,21,0.6532030297339808,2026-08-23 15:37:32.987249,2026-08-23 15:37:33.593555,0 days 00:00:00.606306,0.5471842397154307,0.5330021795161313,0.0547959365732974,4,5,173,0.0095545667836045,1.06104175750511e-08,0.5961789517626062,COMPLETE
5,46,22,0.6330784400085011,2026-08-23 15:37:33.595309,2026-08-23 15:37:34.274838,0 days 00:00:00.679529,0.5431396394516007,0.4581209060498747,0.0590362148040409,4,5,166,0.1307686583012053,7.97439426461904e-08,0.5755197993366198,COMPLETE
5,46,23,0.633547656609289,2026-08-23 15:37:34.275657,2026-08-23 15:37:34.770011,0 days 00:00:00.494354,0.622068313810974,1.27410547614693,0.1841799175218279,4,3,162,0.0170717956071338,3.9662131839186906e-06,0.6063969635539608,COMPLETE
5,46,24,0.6256260172172045,2026-08-23 15:37:34.771744,2026-08-23 15:37:35.411216,0 days 00:00:00.639472,0.5578124615541632,0.2970676033085699,0.1166592716139245,3,5,197,0.4226281115848708,4.6081950428571486e-08,0.6844124216037917,COMPLETE
5,46,25,0.621046383340137,2026-08-23 15:37:35.412122,2026-08-23 15:37:36.337711,0 days 00:00:00.925589,0.505984644763586,0.5782381375874434,0.0231019203290154,4,7,270,0.009031455262189,4.063656117247807e-07,0.59722428996852,COMPLETE
5,46,26,0.6373153161939968,2026-08-23 15:37:36.338945,2026-08-23 15:37:36.782284,0 days 00:00:00.443339,0.5929009153460543,2.8490668631685687,0.0591044672676258,2,3,132,0.0005404969290716,1.296299868676659e-08,0.6873800966537011,COMPLETE
5,46,27,0.6163120760248696,2026-08-23 15:37:36.783369,2026-08-23 15:37:37.556416,0 days 00:00:00.773047,0.6107481590986191,1.7200931045268018,0.0578005482099285,6,4,193,0.1129211964779505,3.178252464312789e-06,0.5537808468854395,COMPLETE
5,46,28,0.6605550311166088,2026-08-23 15:37:37.557217,2026-08-23 15:37:38.281811,0 days 00:00:00.724594,0.553460103606684,1.0923336004595083,0.1321340531696531,5,5,251,0.0007877499700375,1.7420899906144149e-07,0.7418370253152121,COMPLETE
5,46,29,0.6268156471747437,2026-08-23 15:37:38.283560,2026-08-23 15:37:38.847949,0 days 00:00:00.564389,0.5468254264772633,1.0290789553818525,0.1487402988681333,6,9,238,5.6052214527293605e-05,2.790394281375952e-07,0.8998366353169779,COMPLETE
5,46,30,0.6262018485875107,2026-08-23 15:37:38.848844,2026-08-23 15:37:39.505010,0 days 00:00:00.656166,0.6743131184551195,0.3073530837001085,0.1232267663967306,5,10,278,0.0007868523014573,5.431023718473976e-05,0.8573819399635778,COMPLETE
5,46,31,0.6279782036732201,2026-08-23 15:37:39.506228,2026-08-23 15:37:40.028382,0 days 00:00:00.522154,0.6403343962199426,0.485098936880883,0.0759097185657083,4,5,145,0.0002248805192522,3.3660322446141685e-08,0.6167844619687323,COMPLETE
5,46,32,0.6230061372901701,2026-08-23 15:37:40.030092,2026-08-23 15:37:40.642605,0 days 00:00:00.612513,0.5429638306475466,1.4606727902754708,0.0490494093801614,3,6,194,0.0089872571493482,7.623192104464792e-08,0.7421892707690337,COMPLETE
5,46,33,0.6338090539794357,2026-08-23 15:37:40.643512,2026-08-23 15:37:41.376320,0 days 00:00:00.732808,0.5015608467177833,0.9363145500813296,0.0244907665202758,5,5,125,0.0461859430330308,2.8019585923923693e-07,0.6940563169955786,COMPLETE
5,46,34,0.6298880594347533,2026-08-23 15:37:41.377428,2026-08-23 15:37:42.378838,0 days 00:00:01.001410,0.5659922394297833,0.0659896316597427,0.0311842981067407,4,4,183,2.111537933142536e-05,4.820258264013285e-08,0.5888377235993447,COMPLETE
5,46,35,0.6401357552734844,2026-08-23 15:37:42.379710,2026-08-23 15:37:43.671600,0 days 00:00:01.291890,0.5254395888797097,1.9260843585008869,0.0831313902477371,3,2,223,0.0068920848867721,2.5651110914998974,0.6484624728223473,COMPLETE
5,46,36,0.5909684727710462,2026-08-23 15:37:43.672521,2026-08-23 15:37:44.768846,0 days 00:00:01.096325,0.629299016135792,1.4229135391108776,0.1438787098306281,5,7,365,0.0013947008733102,1.3238751583709094e-06,0.5108311695882116,COMPLETE
5,46,37,0.5819173656566259,2026-08-23 15:37:44.769778,2026-08-23 15:37:45.802433,0 days 00:00:01.032655,0.6684525455645457,0.6140232438560076,0.0027558561104257,7,6,255,1.6727277037563202,1.0222975112975374e-08,0.5467529726803473,COMPLETE
5,46,38,0.6277522439234495,2026-08-23 15:37:45.803836,2026-08-23 15:37:47.062903,0 days 00:00:01.259067,0.528836651717689,1.104791835842297,0.0159945873084895,3,4,143,1.3335982229332243e-08,0.0556657594197993,0.7293001602926593,COMPLETE
5,46,39,0.5707341942303523,2026-08-23 15:37:47.063910,2026-08-23 15:37:47.508111,0 days 00:00:00.444201,0.576679131039716,3.5748612029089206,0.0968824135024361,2,3,216,0.1855956449985089,1.4506711872661865e-07,0.9502625399182674,COMPLETE
5,46,40,0.6142611331946369,2026-08-23 15:37:47.508920,2026-08-23 15:37:48.621250,0 days 00:00:01.112330,0.5981400263110257,0.3465177500111548,0.0664074882401047,6,5,334,0.0235650661314207,0.0001231388979305,0.5702781086406271,COMPLETE
5,46,41,0.6419806861959686,2026-08-23 15:37:48.622832,2026-08-23 15:37:50.340460,0 days 00:00:01.717628,0.7218187397489233,0.7478432230478154,0.0318446933818474,8,6,418,0.0040609590218209,2.3967100165654377e-08,0.7826081196491255,COMPLETE
5,46,42,0.6144780439699691,2026-08-23 15:37:50.341379,2026-08-23 15:37:51.429889,0 days 00:00:01.088510,0.8146104042467865,0.7813237764620551,0.0436449368347874,4,9,301,0.001107802717547,3.236680761253913e-08,0.8160612528284841,COMPLETE
5,46,43,0.6471981425589559,2026-08-23 15:37:51.431046,2026-08-23 15:37:53.558813,0 days 00:00:02.127767,0.6566899758310831,0.9746489934971444,0.0164857342312883,3,4,358,0.0001391192084962,2.850081188950437e-08,0.6629616223011191,COMPLETE
5,46,44,0.6329194761941265,2026-08-23 15:37:53.559796,2026-08-23 15:37:56.400814,0 days 00:00:02.841018,0.6518839135225001,4.998637880241123,0.009043084170035,3,4,361,0.0003643545502804,1.5582764015277078e-07,0.6637843909496599,COMPLETE
5,46,45,0.6285877131136094,2026-08-23 15:37:56.401824,2026-08-23 15:37:57.501849,0 days 00:00:01.100025,0.683225425131559,1.503684034966334,0.015326978970874,2,2,328,0.0001294447628591,7.959290992510494e-07,0.6258970181123211,COMPLETE
5,46,46,0.6325763804365149,2026-08-23 15:37:57.502765,2026-08-23 15:37:58.505143,0 days 00:00:01.002378,0.6125312447271707,0.0012775260432941,0.0048481449324996,3,5,240,4.924522665079345e-06,0.0006917590420452,0.7064555890231945,COMPLETE
5,46,47,0.6289206594068075,2026-08-23 15:37:58.506489,2026-08-23 15:37:59.311453,0 days 00:00:00.804964,0.5586658550313364,4.277744331945023,0.0109866401938649,4,4,121,2.062653861738581e-05,0.5465710195370563,0.7434098001618121,COMPLETE
5,46,48,0.6416075793916485,2026-08-23 15:37:59.312432,2026-08-23 15:38:04.015863,0 days 00:00:04.703431,0.5268753595727594,1.1842752711001672,0.0013378166959505,5,3,279,1.095933822458076e-06,1.617801829006949e-05,0.6680202427203895,COMPLETE
5,46,49,0.6306425983748658,2026-08-23 15:38:04.017594,2026-08-23 15:38:05.214739,0 days 00:00:01.197145,0.5757994159944856,0.3241170611310722,0.0289262736615441,5,5,174,0.0451968191704994,8.72769320845075,0.6318524703723913,COMPLETE
6,47,0,0.639721371488576,2026-08-24 11:28:29.876932,2026-08-24 11:28:31.125425,0 days 00:00:01.248493,0.8538025691295406,3.2278092725414624,0.0475160412370938,10,8,156,5.387613899644861e-05,0.0226088827426656,0.6757339029463507,COMPLETE
6,47,1,0.5794345341669268,2026-08-24 11:28:31.126530,2026-08-24 11:28:31.810659,0 days 00:00:00.684129,0.6502182176806441,1.6110397403473948,0.0011356665810964,4,7,223,4.671402003688313e-07,1.797802339887182,0.5493629774244053,COMPLETE
6,47,2,0.5723747446523056,2026-08-24 11:28:31.811916,2026-08-24 11:28:32.533048,0 days 00:00:00.721132,0.8736324249396856,4.283953039321826,0.1570840936046491,4,1,235,0.0183487216255407,0.0009489237973337,0.5635572855295318,COMPLETE
6,47,3,0.5838514787519528,2026-08-24 11:28:32.534386,2026-08-24 11:28:34.668981,0 days 00:00:02.134595,0.6467299089899483,4.419003588961231,0.0025626582320598,6,1,568,0.0080852943095854,3.022064670940429,0.7684328962322262,COMPLETE
6,47,4,0.6266817405556393,2026-08-24 11:28:34.669891,2026-08-24 11:28:37.879963,0 days 00:00:03.210072,0.7734424855306758,0.8731817362657124,0.0068023243497083,4,3,473,1.7635684368352397e-05,1.826587105656456e-07,0.7632019427864085,COMPLETE
6,47,5,0.590288796598048,2026-08-24 11:28:37.880881,2026-08-24 11:28:38.506645,0 days 00:00:00.625764,0.757127360882755,1.5262125803930675,0.1695507872004094,6,6,294,2.7357273066024777e-07,0.00235615432834,0.5727837247667196,COMPLETE
6,47,6,0.5799004781966985,2026-08-24 11:28:38.507443,2026-08-24 11:28:38.865203,0 days 00:00:00.357760,0.7809995885549077,3.3096697255732,0.0077428807333744,7,7,151,5.048766478555346e-07,3.863496371115312,0.5423610238334979,COMPLETE
6,47,7,0.5995623108182897,2026-08-24 11:28:38.866001,2026-08-24 11:28:39.304622,0 days 00:00:00.438621,0.9635452612697636,1.8857566688010776,0.063599109856559,9,5,129,1.1076723502972967,0.061162443426531,0.6262387073408042,COMPLETE
6,47,8,0.6072991057673217,2026-08-24 11:28:39.305477,2026-08-24 11:28:40.508884,0 days 00:00:01.203407,0.7214639366203918,3.040723104527812,0.012820508604424,9,6,488,0.0005335863881766,6.334515171359147,0.6514503625408633,COMPLETE
6,47,9,0.5668917308328567,2026-08-24 11:28:40.510051,2026-08-24 11:28:41.550871,0 days 00:00:01.040820,0.950156507901557,1.0844175968268488,0.001571999361529,9,10,401,4.032656224997192e-05,0.0008063979447756,0.7441454107667257,COMPLETE
6,47,10,0.550866145267942,2026-08-24 11:28:41.551731,2026-08-24 11:28:42.305814,0 days 00:00:00.754083,0.5452681511846652,0.0021603969910297,0.0386870864752985,2,10,345,8.686934121937242,7.626895253659458e-08,0.9800051637870408,COMPLETE
6,47,11,0.5969049627439413,2026-08-24 11:28:42.306699,2026-08-24 11:28:43.928177,0 days 00:00:01.621478,0.8526430030837611,0.2788849948879126,0.0307793456151266,3,3,446,3.652165512981416e-05,8.571424513080482e-08,0.8103130476777114,COMPLETE
6,47,12,0.6346078255991979,2026-08-24 11:28:43.929116,2026-08-24 11:28:46.995071,0 days 00:00:03.065955,0.8579509527120748,2.7785902260403943,0.004851407897545,7,4,545,1.9706961361126826e-08,6.573987731838228e-06,0.8443806967733587,COMPLETE
6,47,13,0.6210576723205623,2026-08-24 11:28:46.996049,2026-08-24 11:28:49.191283,0 days 00:00:02.195234,0.8718127398349154,2.720260939046724,0.0041297384321994,10,8,593,1.0311435533206422e-08,3.480596257324116e-06,0.8788035585771405,COMPLETE
6,47,14,0.621459097299139,2026-08-24 11:28:49.192194,2026-08-24 11:28:49.951821,0 days 00:00:00.759627,0.9130750659900688,3.6140480931577614,0.0213211723936202,8,4,216,3.2632921891312054e-08,7.927021005653289e-06,0.8657953961175191,COMPLETE
6,47,15,0.6201656244870011,2026-08-24 11:28:49.953053,2026-08-24 11:28:50.605699,0 days 00:00:00.652646,0.8291452706117299,2.258334390114304,0.0775314690264298,10,8,338,3.64211565805054e-06,0.0442159129377216,0.7026021085189051,COMPLETE
6,47,16,0.6256041873642573,2026-08-24 11:28:50.607219,2026-08-24 11:28:52.039536,0 days 00:00:01.432317,0.9811641443443636,3.863794814094646,0.0123864849342005,7,9,530,0.0011892597754705,3.744305603902605e-05,0.977495569356408,COMPLETE
6,47,17,0.6162463333988603,2026-08-24 11:28:52.040892,2026-08-24 11:28:53.449900,0 days 00:00:01.409008,0.6814385482492735,4.82428433993074,0.004660447489926,8,4,400,0.1424600472793888,0.0171670872475933,0.8996607236877164,COMPLETE
6,47,18,0.6209694937719591,2026-08-24 11:28:53.450973,2026-08-24 11:28:54.117117,0 days 00:00:00.666144,0.8231260867307708,2.395675302852461,0.075187558178358,5,5,288,5.989584052979936e-08,5.957631548367066e-05,0.6773734377671853,COMPLETE
6,47,19,0.6368556271240524,2026-08-24 11:28:54.118417,2026-08-24 11:28:55.112800,0 days 00:00:00.994383,0.9002102185195796,2.97121781467543,0.0201679059262424,7,2,172,9.274433732934617e-06,8.531894351626598e-07,0.8201454446720894,COMPLETE
6,47,20,0.5884585600678249,2026-08-24 11:28:55.113676,2026-08-24 11:28:55.881797,0 days 00:00:00.768121,0.9133432281144676,3.620619866208632,0.0221879928565462,8,2,185,5.321212705471274e-06,7.350957604963551e-07,0.9265906980014894,COMPLETE
6,47,21,0.6030123856659488,2026-08-24 11:28:55.882887,2026-08-24 11:28:56.320709,0 days 00:00:00.437822,0.9162242022735356,2.891915326788092,0.0459825501268164,7,3,117,0.0001236444109137,4.0180008214330005e-06,0.818033936201266,COMPLETE
6,47,22,0.6131814387752852,2026-08-24 11:28:56.321697,2026-08-24 11:28:57.251226,0 days 00:00:00.929529,0.8057509632150887,3.238123662177815,0.0094614468606691,5,2,166,2.5360993525928925e-06,1.235884071746954e-08,0.805489508455006,COMPLETE
6,47,23,0.6348263079718272,2026-08-24 11:28:57.252864,2026-08-24 11:28:58.614004,0 days 00:00:01.361140,0.9982135726013794,2.311042740054821,0.0179652921820555,7,4,264,0.0037342570752695,0.0001032733155773,0.8319413116473254,COMPLETE
6,47,24,0.6267098749407604,2026-08-24 11:28:58.615176,2026-08-24 11:29:00.192817,0 days 00:00:01.577641,0.992600599026222,2.158381799371665,0.0207840421328809,10,2,254,0.0031951513249926,0.0001042110155186,0.7225968043053075,COMPLETE
6,47,25,0.6281244772341534,2026-08-24 11:29:00.196522,2026-08-24 11:29:00.735741,0 days 00:00:00.539219,0.9385986191913036,3.9062975013649712,0.0297316958378024,5,5,194,0.0001460606758436,0.0066038854625763,0.6010539583635726,COMPLETE
6,47,26,0.6346836521903181,2026-08-24 11:29:00.736940,2026-08-24 11:29:01.045153,0 days 00:00:00.308213,0.9995009528735104,2.6581207365716923,0.1206966169062879,8,7,104,0.0312291922006541,0.2583458338784508,0.9255537840325092,COMPLETE
6,47,27,0.6280811803349498,2026-08-24 11:29:01.046244,2026-08-24 11:29:01.887052,0 days 00:00:00.840808,0.8979594468236717,2.025968334266841,0.017328526069748,6,9,269,0.0011078729993383,0.0002667111289257,0.7842149790183183,COMPLETE
6,47,28,0.6230880019284041,2026-08-24 11:29:01.887913,2026-08-24 11:29:02.685418,0 days 00:00:00.797505,0.9601127531571252,3.5473686858188342,0.0419011233940915,9,3,312,0.0001994801715228,0.2439497917505853,0.5040238790239352,COMPLETE
6,47,29,0.6445750222047729,2026-08-24 11:29:02.686209,2026-08-24 11:29:03.136386,0 days 00:00:00.450177,0.5581798175957091,1.649119058267909,0.0538117080132557,7,6,153,1.007689696156752e-06,5.842848988921318e-07,0.6928141530644867,COMPLETE
6,47,30,0.6295082799027198,2026-08-24 11:29:03.137312,2026-08-24 11:29:03.494842,0 days 00:00:00.357530,0.525130767198867,1.5054087668869565,0.1182614221718157,5,7,150,4.944257123098034e-07,5.330248198287183e-07,0.6765889224719892,COMPLETE
6,47,31,0.6334803414018472,2026-08-24 11:29:03.496000,2026-08-24 11:29:04.254129,0 days 00:00:00.758129,0.5864732751125393,1.7411846597970255,0.0558769862167045,6,6,218,1.3667996740712936e-05,8.652394360944298e-07,0.7340633227580255,COMPLETE
6,47,32,0.6145000541838487,2026-08-24 11:29:04.255033,2026-08-24 11:29:04.870437,0 days 00:00:00.615404,0.7270221725680646,1.1359712356069949,0.0288909267249562,7,8,198,1.607770212907238e-06,1.1032831863735965e-08,0.6872250658184818,COMPLETE
6,47,33,0.5981175599171888,2026-08-24 11:29:04.872156,2026-08-24 11:29:05.580097,0 days 00:00:00.707941,0.5959064788531406,2.4741312402031284,0.0915017723826497,8,1,240,1.2793624962047026e-07,1.6560023240823004e-05,0.8467327629767569,COMPLETE
6,47,34,0.6271327657363004,2026-08-24 11:29:05.580959,2026-08-24 11:29:06.223655,0 days 00:00:00.642696,0.6430510387794871,3.0930293223683227,0.0165390084630751,6,4,141,0.0250293555139064,0.0004663145225538,0.6394393989406357,COMPLETE
6,47,35,0.5836027505454646,2026-08-24 11:29:06.224943,2026-08-24 11:29:06.709004,0 days 00:00:00.484061,0.8834129299941375,4.215616580617439,0.0523978856698562,4,1,183,1.3792665431948206e-05,0.0019946385973467,0.7773652166697238,COMPLETE
6,47,36,0.6199831057138259,2026-08-24 11:29:06.709788,2026-08-24 11:29:07.550599,0 days 00:00:00.840811,0.7916089348267223,1.323821977079216,0.0103916107243371,7,6,227,0.0059773791798018,1.678810408227266e-06,0.7141428451101725,COMPLETE
6,47,37,0.6374270879600515,2026-08-24 11:29:07.551991,2026-08-24 11:29:08.320405,0 days 00:00:00.768414,0.6851099268384937,0.6630313474134657,0.0335898811719495,8,5,169,1.039558902586898e-06,2.120624291001089e-07,0.7540516520626778,COMPLETE
6,47,38,0.6171817543411535,2026-08-24 11:29:08.322070,2026-08-24 11:29:08.683258,0 days 00:00:00.361188,0.5021472283834584,0.7253030285049736,0.0374440221033627,9,7,121,1.5374630171007062e-06,2.288106242031371e-07,0.607795883850248,COMPLETE
6,47,39,0.6062449136989718,2026-08-24 11:29:08.684244,2026-08-24 11:29:09.153533,0 days 00:00:00.469289,0.66446872700628,0.7793939133874894,0.1761189477984831,10,9,151,2.0537012550098414e-07,5.6979644677287145e-08,0.7490163433013178,COMPLETE
6,47,40,0.6222200847319529,2026-08-24 11:29:09.155724,2026-08-24 11:29:09.587950,0 days 00:00:00.432226,0.7491125971323687,0.550598868486196,0.1107489954715999,9,7,165,7.543959705398783e-07,3.211889978156489e-08,0.6568731778086438,COMPLETE
6,47,41,0.6431154303550032,2026-08-24 11:29:09.588790,2026-08-24 11:29:10.473787,0 days 00:00:00.884997,0.6289552942817479,1.908114173198901,0.0264583183597687,8,5,261,5.115445791832522e-05,0.9722367595343168,0.7790587218420513,COMPLETE
6,47,42,0.6479496049008546,2026-08-24 11:29:10.474664,2026-08-24 11:29:11.249975,0 days 00:00:00.775311,0.6279368953702986,1.7675898190645292,0.0272924484220471,8,5,206,3.5243465979524235e-05,0.5257117321240714,0.7859762082486527,COMPLETE
6,47,43,0.6451032046506298,2026-08-24 11:29:11.250893,2026-08-24 11:29:12.131712,0 days 00:00:00.880819,0.6114095122823662,1.7404970911376785,0.0264189085142355,8,5,209,4.391008651319916e-05,0.442588209306007,0.7867314873102675,COMPLETE
6,47,44,0.6286248775893035,2026-08-24 11:29:12.132942,2026-08-24 11:29:12.750727,0 days 00:00:00.617785,0.6099244681406203,1.792658542594617,0.0245112044022573,9,6,206,7.019280765612664e-05,0.9058126210134722,0.7073998757732294,COMPLETE
6,47,45,0.6271563810302495,2026-08-24 11:29:12.752310,2026-08-24 11:29:13.467457,0 days 00:00:00.715147,0.5623175725835127,1.4101398025847591,0.0639893874139312,8,5,312,4.224376374230745e-05,1.2800098724385045,0.7819144563721113,COMPLETE
6,47,46,0.6489173348735071,2026-08-24 11:29:13.468304,2026-08-24 11:29:14.268150,0 days 00:00:00.799846,0.6240679388012488,1.920273201017496,0.026947439862549,6,5,242,0.0002864158890568,0.4511374718817414,0.7947856567699092,COMPLETE
6,47,47,0.6470337594890543,2026-08-24 11:29:14.269072,2026-08-24 11:29:15.362357,0 days 00:00:01.093285,0.6260822339763259,1.9337332383958323,0.0141886596323945,6,5,245,0.0005476386341529,0.5258698480938422,0.7953656026436281,COMPLETE
6,47,48,0.6137813940461182,2026-08-24 11:29:15.363796,2026-08-24 11:29:16.597657,0 days 00:00:01.233861,0.5591524454448181,1.1507180070992535,0.0065438348803082,6,6,379,0.000398254656453,0.2457590727930137,0.7957209902586213,COMPLETE
6,47,49,0.600434710626907,2026-08-24 11:29:16.598715,2026-08-24 11:29:17.540484,0 days 00:00:00.941769,0.6149297487421937,1.6354126708609609,0.0134067260974317,6,6,290,0.0006850791507869,8.716171713347007,0.8689893014132931,COMPLETE
7,48,0,0.6314770429775292,2026-08-24 20:17:56.692779,2026-08-24 20:17:57.498006,0 days 00:00:00.805227,0.8960171303277147,4.323551933451292,0.0045234947536411,10,4,108,0.0001065647793209,0.0008591503219032,0.649488188729479,COMPLETE
7,48,1,0.6281893857371841,2026-08-24 20:17:57.498928,2026-08-24 20:17:58.695292,0 days 00:00:01.196364,0.8659901125934559,2.963722044876862,0.0021208483204415,3,5,278,1.0725677065785236e-05,0.0001229845021607,0.7224795383560925,COMPLETE
7,48,2,0.6120874743671494,2026-08-24 20:17:58.696180,2026-08-24 20:17:59.428835,0 days 00:00:00.732655,0.5409939153755555,2.7261463185737385,0.0020135886585565,5,3,193,0.0078631604084214,0.0019910916098176,0.5185551574924193,COMPLETE
7,48,3,0.6361198974193197,2026-08-24 20:17:59.429863,2026-08-24 20:18:01.085137,0 days 00:00:01.655274,0.8396624160694209,3.943921091490679,0.0075111873903232,5,2,388,2.1719183802187952e-08,0.003331758292941,0.7008203459636424,COMPLETE
7,48,4,0.5603879950422257,2026-08-24 20:18:01.086674,2026-08-24 20:18:01.523767,0 days 00:00:00.437093,0.6437261742170657,4.752944193015448,0.0040312970737165,8,7,176,1.8461589166314152,3.041238096246752e-07,0.8859846148990744,COMPLETE
7,48,5,0.61095806463104,2026-08-24 20:18:01.524764,2026-08-24 20:18:02.720775,0 days 00:00:01.196011,0.95458283487766,0.910537529120138,0.0392863593112192,2,4,269,2.0558919415571625e-08,2.146799355591197e-05,0.839957345968966,COMPLETE
7,48,6,0.616125143469096,2026-08-24 20:18:02.722046,2026-08-24 20:18:03.618175,0 days 00:00:00.896129,0.8640504606962214,4.95877675233975,0.1114050934752045,7,4,582,3.417602795113514e-05,1.9230430503842946e-07,0.7588499141695,COMPLETE
7,48,7,0.5937465129385925,2026-08-24 20:18:03.619235,2026-08-24 20:18:04.918920,0 days 00:00:01.299685,0.500398652028464,1.903830396311631,0.0016250740803348,2,7,554,0.0258711297899709,0.0028897572383573,0.7333854933699355,COMPLETE
7,48,8,0.6188935975702848,2026-08-24 20:18:04.920269,2026-08-24 20:18:06.626305,0 days 00:00:01.706036,0.676469657054548,0.0776587720427746,0.0262179172958283,2,4,564,0.3011781251458136,0.0500388892608839,0.799680091716167,COMPLETE
7,48,9,0.5909763411603951,2026-08-24 20:18:06.629834,2026-08-24 20:18:07.161079,0 days 00:00:00.531245,0.6398939504862422,2.2333922785690463,0.0209235286909822,6,10,275,3.9810776412318215e-08,1.777697136626339e-05,0.6391826279130743,COMPLETE
7,48,10,0.5773057997122909,2026-08-24 20:18:07.161961,2026-08-24 20:18:08.574541,0 days 00:00:01.412580,0.7637871116036656,3.736017807027858,0.0082259094974874,4,1,430,9.048435108969312e-07,5.666325703580422,0.9682550169168244,COMPLETE
7,48,11,0.6171737884590003,2026-08-24 20:18:08.576174,2026-08-24 20:18:11.133959,0 days 00:00:02.557785,0.985177187595598,3.997539026796664,0.0071089878231113,10,1,420,0.0007528726551253,0.1144075299444722,0.6153154721509718,COMPLETE
7,48,12,0.6223314373240325,2026-08-24 20:18:11.134866,2026-08-24 20:18:12.993129,0 days 00:00:01.858263,0.8537713423694051,3.842412807993956,0.0060881671661241,10,2,409,8.791297384442946e-07,0.0692854956551483,0.637500355756291,COMPLETE
7,48,13,0.6188681463947696,2026-08-24 20:18:12.994521,2026-08-24 20:18:13.521474,0 days 00:00:00.526953,0.7739192339041661,4.278834390769153,0.0126044527587739,8,2,108,7.341525521269175e-05,0.0019375585524219,0.549503070373538,COMPLETE
7,48,14,0.6256239311372208,2026-08-24 20:18:13.522908,2026-08-24 20:18:14.835209,0 days 00:00:01.312301,0.9109990831685136,3.2710595695227465,0.0037262915076211,5,6,363,8.319467927086746e-07,3.584742746734793e-06,0.6821985111803927,COMPLETE
7,48,15,0.5804349879624143,2026-08-24 20:18:14.836648,2026-08-24 20:18:15.781176,0 days 00:00:00.944528,0.8138537258472337,4.491369998896158,0.0011248109887235,8,9,486,0.0008076395486218,1.3594072005710892e-08,0.5866213767986035,COMPLETE
7,48,16,0.6114700182946191,2026-08-24 20:18:15.782596,2026-08-24 20:18:16.227999,0 days 00:00:00.445403,0.9289383124972226,3.285789941702744,0.0627283427854476,6,3,104,1.0295814185101433e-07,2.0333251598781894,0.6837805257514519,COMPLETE
7,48,17,0.6379745818710114,2026-08-24 20:18:16.228797,2026-08-24 20:18:17.351484,0 days 00:00:01.122687,0.6951182432294056,1.7786357893601437,0.0143406287893897,9,6,351,4.850441892818133e-06,0.0003189744297822,0.7850399115326816,COMPLETE
7,48,18,0.6346371712102898,2026-08-24 20:18:17.353242,2026-08-24 20:18:18.488393,0 days 00:00:01.135151,0.697493283047971,1.4832726330050197,0.0148221805526014,9,7,333,3.837871842673274e-06,0.0113365256743631,0.9063960285063534,COMPLETE
7,48,19,0.6074677137294315,2026-08-24 20:18:18.489283,2026-08-24 20:18:19.242130,0 days 00:00:00.752847,0.5750632458749908,1.1399177382582253,0.1845852607687233,4,8,505,1.3572331670402317e-07,5.2748806340731406e-05,0.8213450890157308,COMPLETE
7,48,20,0.6329407802274003,2026-08-24 20:18:19.243463,2026-08-24 20:18:20.341810,0 days 00:00:01.098347,0.7185419739265971,2.1564489958637685,0.0115302758766191,7,6,346,2.302773953192779e-07,0.3623779804959577,0.7761302565409705,COMPLETE
7,48,21,0.6355274818433853,2026-08-24 20:18:20.342886,2026-08-24 20:18:21.344127,0 days 00:00:01.001241,0.6990017886705242,1.5283466860380908,0.0224331654359435,9,7,337,6.093661186942115e-06,0.0134809523572725,0.9155329346018226,COMPLETE
7,48,22,0.6367004394348755,2026-08-24 20:18:21.345018,2026-08-24 20:18:22.510437,0 days 00:00:01.165419,0.7951499783638989,0.4941324512339689,0.0386989722860901,9,8,308,4.556452226850724e-06,0.0143254106701174,0.987616253364842,COMPLETE
7,48,23,0.6064660014433725,2026-08-24 20:18:22.511310,2026-08-24 20:18:23.479535,0 days 00:00:00.968225,0.8166197565845444,0.3458368752834384,0.0479203944922541,9,9,380,2.2980993793196202e-08,0.0003637497344933,0.8566884188498816,COMPLETE
7,48,24,0.6210766214302152,2026-08-24 20:18:23.480411,2026-08-24 20:18:24.323180,0 days 00:00:00.842769,0.7954934733917284,0.4408033263268247,0.0768266916342865,7,8,308,3.0373305515277546e-06,0.0155172992881401,0.98045252098309,COMPLETE
7,48,25,0.6264836266701089,2026-08-24 20:18:24.324087,2026-08-24 20:18:25.647753,0 days 00:00:01.323666,0.7379386269490844,0.8673873436904005,0.0341418370286308,5,5,224,0.0024637753143249,0.0002296662086651,0.9503245260522072,COMPLETE
7,48,26,0.6329969403524253,2026-08-24 20:18:25.648699,2026-08-24 20:18:27.702328,0 days 00:00:02.053629,0.6424768810685724,1.724304952478522,0.0154557544146319,9,8,465,0.0001761972599286,0.2718292576394415,0.700106139288502,COMPLETE
7,48,27,0.6358653417595396,2026-08-24 20:18:27.703237,2026-08-24 20:18:29.724290,0 days 00:00:02.021053,0.8341095620244426,1.2593613909670285,0.008302381692524,4,6,391,1.0550701903589462e-08,3.78164210443434e-06,0.7853172506069667,COMPLETE
7,48,28,0.6177613412311292,2026-08-24 20:18:29.725187,2026-08-24 20:18:30.986015,0 days 00:00:01.260828,0.7488395863998751,2.520808413068761,0.0954686698713679,8,10,452,5.334324296685245e-07,0.008125519843367,0.8739712799781126,COMPLETE
7,48,29,0.6168632857155256,2026-08-24 20:18:30.986905,2026-08-24 20:18:32.188376,0 days 00:00:01.201471,0.5960074927010597,3.3495396913234927,0.0050166056150028,10,9,306,3.8006330730088615e-05,0.000663430612356,0.9953465306757308,COMPLETE
7,48,30,0.6202706224016252,2026-08-24 20:18:32.189268,2026-08-24 20:18:33.172127,0 days 00:00:00.982859,0.7868571593274671,0.6564794325803491,0.029868568697245,7,5,306,1.602757339379146e-05,0.0018475891384318,0.6026867072495337,COMPLETE
7,48,31,0.6357304263237271,2026-08-24 20:18:33.173150,2026-08-24 20:18:35.399078,0 days 00:00:02.225928,0.8372830732670917,1.211611453060902,0.0096858774697485,4,6,390,4.6390265744904017e-08,2.5144041326531613e-06,0.7922791273743942,COMPLETE
7,48,32,0.6071889921722012,2026-08-24 20:18:35.399975,2026-08-24 20:18:36.866103,0 days 00:00:01.466128,0.8879642699394678,1.222048387247909,0.0034178861992156,3,6,389,1.1854001063107037e-08,0.0001449688399183,0.7454342836424849,COMPLETE
7,48,33,0.6527985120976155,2026-08-24 20:18:36.867042,2026-08-24 20:18:37.834733,0 days 00:00:00.967691,0.8340559267543594,1.981838358145922,0.0183092431180939,5,5,256,1.8224651733533325e-07,5.2908888515282e-06,0.7124854981250788,COMPLETE
7,48,34,0.6118508880829361,2026-08-24 20:18:37.836553,2026-08-24 20:18:38.774173,0 days 00:00:00.937620,0.8847860653309653,2.849855533868637,0.0188065337363459,5,3,217,2.861845781612262e-06,4.405081248896767e-05,0.7000509328780384,COMPLETE
7,48,35,0.6274207859640286,2026-08-24 20:18:38.775065,2026-08-24 20:18:39.600204,0 days 00:00:00.825139,0.92659356661433,2.1518611301068,0.0449255300605442,6,5,247,1.9085327832530186e-07,2.732236419265736e-07,0.7223716948141784,COMPLETE
7,48,36,0.6126919186707263,2026-08-24 20:18:39.601748,2026-08-24 20:18:40.498860,0 days 00:00:00.897112,0.8006910945499993,2.6570058460913337,0.0178571553938396,3,2,167,3.317773362262524e-07,9.73256420171533e-06,0.8280942379601979,COMPLETE
7,48,37,0.6413967690820884,2026-08-24 20:18:40.499768,2026-08-24 20:18:41.530172,0 days 00:00:01.030404,0.7268508684893943,1.8029839990649683,0.0110853420751519,6,4,252,4.995443986550908e-08,7.488598940556176e-07,0.6691540780291823,COMPLETE
7,48,38,0.6392833109888449,2026-08-24 20:18:41.531060,2026-08-24 20:18:42.609881,0 days 00:00:01.078821,0.6673439560920527,1.7012680825010438,0.0027790269537928,6,4,243,1.344661102182698e-05,9.517488174557986e-07,0.6591533146628795,COMPLETE
7,48,39,0.6268232151442342,2026-08-24 20:18:42.611253,2026-08-24 20:18:43.240204,0 days 00:00:00.628951,0.6107636930245646,1.8431583086180177,0.0027336611522274,6,4,153,1.4568848759143414e-05,6.933990060354388e-07,0.6614521014853675,COMPLETE
7,48,40,0.6208134173801126,2026-08-24 20:18:43.241095,2026-08-24 20:18:44.444528,0 days 00:00:01.203433,0.6691686450674721,2.306025546699305,0.0016961388027545,5,3,255,6.750314930991206e-08,3.9533232741381934e-08,0.6650955502832981,COMPLETE
7,48,41,0.6122883046717711,2026-08-24 20:18:44.445418,2026-08-24 20:18:45.227046,0 days 00:00:00.781628,0.7280693215319473,1.589189932878569,0.0250930522593294,6,4,229,1.9044181839839456e-06,1.496635990886555e-06,0.555327121605846,COMPLETE
7,48,42,0.6293339397955962,2026-08-24 20:18:45.228764,2026-08-24 20:18:46.282886,0 days 00:00:01.054122,0.66894374130112,1.943878182949955,0.0108451170841603,7,5,299,1.0127556099898386e-05,4.6481335131230817e-08,0.7252316963839051,COMPLETE
7,48,43,0.6330144707089083,2026-08-24 20:18:46.284244,2026-08-24 20:18:47.159216,0 days 00:00:00.874972,0.6920583147603787,2.4130997647612014,0.0057075421272451,8,4,198,3.680345262868518e-05,6.791921341549621e-07,0.6279999507591201,COMPLETE
7,48,44,0.6451461542672627,2026-08-24 20:18:47.160130,2026-08-24 20:18:47.970280,0 days 00:00:00.810150,0.716781193714944,1.9948532172794533,0.0368484246331826,10,5,280,1.4385162048889882e-06,1.4018763474545086e-07,0.7611367098781869,COMPLETE
7,48,45,0.4337485359008524,2026-08-24 20:18:47.971173,2026-08-24 20:18:48.499991,0 days 00:00:00.528818,0.6234638283712529,1.9487045119371085,0.0576238216718769,6,5,276,7.82986346189772,1.336023962520617e-07,0.7543915463712241,COMPLETE
7,48,46,0.62334694187175,2026-08-24 20:18:48.500802,2026-08-24 20:18:49.992981,0 days 00:00:01.492179,0.7631317490948918,2.1043292026842337,0.0026706343267877,10,3,256,1.2737758706874377e-06,9.309749355614935e-06,0.7169371224739397,COMPLETE
7,48,47,0.6297128322021741,2026-08-24 20:18:49.993885,2026-08-24 20:18:50.934404,0 days 00:00:00.940519,0.7199737737464893,1.6959209100361643,0.0282990023304667,6,4,195,4.074190426154253e-07,1.0037179193942045e-07,0.8038143751014819,COMPLETE
7,48,48,0.6166880499541912,2026-08-24 20:18:50.935857,2026-08-24 20:18:51.608228,0 days 00:00:00.672371,0.6604603797355102,1.4027814029539196,0.0160381911551006,5,4,144,0.0497039974181,1.0339538675863621e-08,0.7627075525455701,COMPLETE
7,48,49,0.6290100262149456,2026-08-24 20:18:51.609061,2026-08-24 20:18:52.694682,0 days 00:00:01.085621,0.7056091280069358,2.656178416574882,0.0072245940179829,10,5,279,0.000303955770104,6.023738971458434e-07,0.6551928234136959,COMPLETE
8,49,0,0.6257891153359354,2026-08-25 15:29:05.423852,2026-08-25 15:29:06.192282,0 days 00:00:00.768430,0.8416383799874935,2.7348294012151584,0.1353707801571503,4,6,250,7.8309513134219e-07,0.08468182590231,0.945801719138882,COMPLETE
8,49,1,0.5885292497224957,2026-08-25 15:29:06.193213,2026-08-25 15:29:07.362218,0 days 00:00:01.169005,0.9012152639022126,1.1456910220636396,0.0140510424676333,8,9,549,4.565705265726712,3.3905099241492164e-08,0.7211063914470971,COMPLETE
8,49,2,0.626354538330807,2026-08-25 15:29:07.363130,2026-08-25 15:29:08.294264,0 days 00:00:00.931134,0.971514383307862,1.7761364491327458,0.0412199419389127,4,7,245,6.126227405512283e-05,1.4404432683551125,0.8538044305924266,COMPLETE
8,49,3,0.4908137599635171,2026-08-25 15:29:08.295220,2026-08-25 15:29:08.611812,0 days 00:00:00.316592,0.955317795233958,3.185972191400624,0.0014961938797764,4,9,226,8.146372609382247,2.879226445302216,0.6257465191363405,COMPLETE
8,49,4,0.6443746868875241,2026-08-25 15:29:08.612690,2026-08-25 15:29:09.797236,0 days 00:00:01.184546,0.7913870585154745,2.401758945426197,0.0340350329750586,10,4,528,1.7903606415478414e-05,3.158400391571524e-07,0.6965276925025231,COMPLETE
8,49,5,0.6274689266316988,2026-08-25 15:29:09.798179,2026-08-25 15:29:10.554012,0 days 00:00:00.755833,0.5033357370796343,3.843074634434815,0.07842253000995,6,7,548,7.5653357118899486e-06,1.7665763425477313e-08,0.7839179175850775,COMPLETE
8,49,6,0.59911038280397,2026-08-25 15:29:10.555344,2026-08-25 15:29:11.031559,0 days 00:00:00.476215,0.5050837831093054,0.6853578732832583,0.0263112911876863,4,7,145,2.2795033233525293,0.0039433169243896,0.9156133673228832,COMPLETE
8,49,7,0.5699512405999696,2026-08-25 15:29:11.032326,2026-08-25 15:29:11.936893,0 days 00:00:00.904567,0.8671605577306277,3.0034477564260125,0.0233084646266644,4,7,595,5.359183821256407,0.0030777488264597,0.761378478774162,COMPLETE
8,49,8,0.579415216956864,2026-08-25 15:29:11.938274,2026-08-25 15:29:13.405929,0 days 00:00:01.467655,0.8556582719555219,2.6514555715744774,0.0014170047788661,8,9,433,1.116021551821982e-08,0.1733219973918646,0.9377076926279944,COMPLETE
8,49,9,0.6127628639907556,2026-08-25 15:29:13.408708,2026-08-25 15:29:17.086011,0 days 00:00:03.677303,0.8709100560921312,3.330044616575463,0.001975746629578,10,1,383,1.9394469365451144e-06,0.0001222363794517,0.6258249013661206,COMPLETE
8,49,10,0.6167407810868315,2026-08-25 15:29:17.087377,2026-08-25 15:29:18.399360,0 days 00:00:01.311983,0.7011602868177047,4.424293971902881,0.0066208761496689,10,3,445,0.0200793726708366,5.822905793641376e-07,0.5004359912315652,COMPLETE
8,49,11,0.6363390175339605,2026-08-25 15:29:18.400265,2026-08-25 15:29:19.158766,0 days 00:00:00.758501,0.6740208304133761,4.6600261804581615,0.1134998275937604,7,4,515,0.0003735975603919,1.0450700425562577e-08,0.7734917195213805,COMPLETE
8,49,12,0.6279352590263587,2026-08-25 15:29:19.159668,2026-08-25 15:29:20.032900,0 days 00:00:00.873232,0.6842431940766232,4.875459881288374,0.1818785813627417,8,4,481,0.0032821027762844,2.9500736420887617e-06,0.6667386735125258,COMPLETE
8,49,13,0.6215174226246105,2026-08-25 15:29:20.034092,2026-08-25 15:29:20.895355,0 days 00:00:00.861263,0.6091154630467573,1.8564436882536053,0.0882178978341137,6,4,497,0.0017179607210805,1.7160312776230048e-06,0.8323592061600629,COMPLETE
8,49,14,0.5909780235915403,2026-08-25 15:29:20.897158,2026-08-25 15:29:21.587787,0 days 00:00:00.690629,0.7791849370865135,4.002308512839807,0.0495031532359684,2,2,349,0.0001231207107581,3.1029814031004696e-05,0.5478017516956127,COMPLETE
8,49,15,0.6296654408586064,2026-08-25 15:29:21.588900,2026-08-25 15:29:22.936865,0 days 00:00:01.347965,0.7655746035791335,1.9912850924779169,0.00882065036846,9,5,327,0.0362528043268013,1.3690966748083793e-07,0.6947292952036263,COMPLETE
8,49,16,0.6071390801251779,2026-08-25 15:29:22.938002,2026-08-25 15:29:24.670384,0 days 00:00:01.732382,0.6279762203525701,0.0451671135300788,0.0641956497669377,7,3,580,1.6197016086871285e-07,1.0319503031586952e-08,0.8273557348216225,COMPLETE
8,49,17,0.6309501776269,2026-08-25 15:29:24.671688,2026-08-25 15:29:26.051876,0 days 00:00:01.380188,0.5907644779393885,3.689056438238475,0.0046363582673108,9,5,518,3.458199080756851e-05,1.22515575318513e-05,0.6050667260910805,COMPLETE
8,49,18,0.6340953600816471,2026-08-25 15:29:26.054085,2026-08-25 15:29:26.955996,0 days 00:00:00.901911,0.722951875006235,4.97385296634631,0.0282037320642159,7,1,412,0.0006336594380926,3.185867479684589e-07,0.7716167087654153,COMPLETE
8,49,19,0.5990282913708913,2026-08-25 15:29:26.957200,2026-08-25 15:29:27.665060,0 days 00:00:00.707860,0.7992051030127053,2.330574067595575,0.1121993825882442,2,3,455,0.1828049838542161,8.239351438813617e-08,0.6783133113841158,COMPLETE
8,49,20,0.6074423465809881,2026-08-25 15:29:27.665946,2026-08-25 15:29:28.107560,0 days 00:00:00.441614,0.6646783205964066,4.357306994627651,0.016082959335233,6,4,105,1.1747960596476916e-05,0.0005595425991054,0.8826310942179386,COMPLETE
8,49,21,0.5946649927337485,2026-08-25 15:29:28.108753,2026-08-25 15:29:28.956731,0 days 00:00:00.847978,0.7279739955739795,4.9964704261894965,0.0398664502701976,7,1,397,0.000713425808042,3.253659213602003e-07,0.7773734431779658,COMPLETE
8,49,22,0.6036111964044781,2026-08-25 15:29:28.958198,2026-08-25 15:29:31.098882,0 days 00:00:02.140684,0.8144894814290451,4.442592349833904,0.0252518243335433,7,2,300,0.0004213904993124,3.677885922768364e-06,0.9969193432953912,COMPLETE
8,49,23,0.6450372218333184,2026-08-25 15:29:31.101919,2026-08-25 15:29:32.339450,0 days 00:00:01.237531,0.7347855579899545,1.3697850748471974,0.1822435067329746,5,2,406,0.0114098915049838,3.719402251434241e-07,0.728356445054551,COMPLETE
8,49,24,0.6452401022504965,2026-08-25 15:29:32.340513,2026-08-25 15:29:34.696437,0 days 00:00:02.355924,0.6558106358362946,1.2161451331870543,0.1925179024618835,5,2,524,0.0158529367117694,7.97678031993682e-08,0.7414868649199255,COMPLETE
8,49,25,0.6040235774732369,2026-08-25 15:29:34.697692,2026-08-25 15:29:36.335257,0 days 00:00:01.637565,0.5692805571932813,1.0948270047909616,0.1807908938437696,5,2,470,0.2177208661223803,1.376547950343462e-05,0.7169550912937044,COMPLETE
8,49,26,0.6455938070079145,2026-08-25 15:29:36.336185,2026-08-25 15:29:38.167786,0 days 00:00:01.831601,0.7438893854871222,1.4511412390450869,0.1964548697004392,5,2,546,0.0147464377944906,1.0275177100651531e-06,0.7270173370602747,COMPLETE
8,49,27,0.6003901159807296,2026-08-25 15:29:38.169070,2026-08-25 15:29:39.632832,0 days 00:00:01.463762,0.6350767468032258,1.3039136837344736,0.1619276448152474,5,2,568,0.0102749592988837,6.768204199566501e-05,0.8098736493428565,COMPLETE
8,49,28,0.615786790842342,2026-08-25 15:29:39.634267,2026-08-25 15:29:41.385763,0 days 00:00:01.751496,0.7548047079776958,0.3886144750424252,0.0632647975300745,3,1,292,0.1582513776185771,1.5714893889410838e-06,0.7360175644131105,COMPLETE
8,49,29,0.6437590472424706,2026-08-25 15:29:41.387375,2026-08-25 15:29:42.712782,0 days 00:00:01.325407,0.5468942312225049,1.4612346245622203,0.1028564466342335,5,3,372,1.0604760522075165,6.492416811710698e-08,0.6554090829974816,COMPLETE
8,49,30,0.5801745856596486,2026-08-25 15:29:42.713762,2026-08-25 15:29:43.640202,0 days 00:00:00.926440,0.7272743513176739,0.775234664789483,0.1954880874657097,3,6,598,0.0532071584636798,8.489956553377165e-06,0.5612976425681135,COMPLETE
8,49,31,0.6152523376558283,2026-08-25 15:29:43.641092,2026-08-25 15:29:44.644118,0 days 00:00:01.003026,0.7834626544479224,2.1182783528674705,0.1383224503862351,5,2,537,0.0040723325022847,2.115349726782314e-07,0.7027091256547879,COMPLETE
8,49,32,0.651063366215906,2026-08-25 15:29:44.645645,2026-08-25 15:29:45.786074,0 days 00:00:01.140429,0.8071462465390112,1.5654450144950451,0.1273564136733009,5,3,525,0.0065904289485972,9.452642434789986e-07,0.7388100665883446,COMPLETE
8,49,33,0.6500074550479337,2026-08-25 15:29:45.787578,2026-08-25 15:29:46.701787,0 days 00:00:00.914209,0.8238463395835579,1.5439503948384623,0.1328535005614687,5,3,494,0.0071987876595496,7.498883849928592e-07,0.7372484424546257,COMPLETE
8,49,34,0.6147127105165006,2026-08-25 15:29:46.703308,2026-08-25 15:29:47.939246,0 days 00:00:01.235938,0.93235434021888,0.9280202819525536,0.1228114264633761,6,3,493,0.5115319110368283,1.111569580895431e-06,0.8024193495250403,COMPLETE
8,49,35,0.6343598016424788,2026-08-25 15:29:47.940167,2026-08-25 15:29:49.100517,0 days 00:00:01.160350,0.9059142470815896,1.7716582819269442,0.0703044040378942,4,5,557,0.0475796558503666,2.8968957142071853e-08,0.8742657172908994,COMPLETE
8,49,36,0.6201069660172709,2026-08-25 15:29:49.101411,2026-08-25 15:29:50.120086,0 days 00:00:01.018675,0.8291328163862929,1.7381821748358464,0.1327233238965665,3,3,506,0.0043959878562735,0.0004209378242483,0.7448107746968562,COMPLETE
8,49,37,0.581930090870624,2026-08-25 15:29:50.121030,2026-08-25 15:29:51.226588,0 days 00:00:01.105558,0.8430903016168566,1.5485390089293736,0.0549827332843757,5,10,542,0.0013929167536906,5.0501802494670776e-08,0.6354243983462362,COMPLETE
8,49,38,0.6210048817415104,2026-08-25 15:29:51.227514,2026-08-25 15:29:52.710319,0 days 00:00:01.482805,0.8906784926568849,0.2391563503601015,0.0831643539979701,4,1,473,0.0001248770983369,5.15630650472247e-06,0.7512835023886917,COMPLETE
8,49,39,0.6328414001562558,2026-08-25 15:29:52.711212,2026-08-25 15:29:54.734511,0 days 00:00:02.023299,0.8128809835063808,0.4942215306886119,0.089022571643258,6,2,430,0.0917915262706806,0.0016775822848647,0.8036698423589821,COMPLETE
8,49,40,0.6260253394412783,2026-08-25 15:29:54.735882,2026-08-25 15:29:56.333596,0 days 00:00:01.597714,0.7067504424421747,1.0701264661038503,0.1495858480144115,3,6,564,0.0087863775259313,6.767378761301411e-07,0.7068286481751175,COMPLETE
8,49,41,0.6121208057939531,2026-08-25 15:29:56.334857,2026-08-25 15:29:56.997316,0 days 00:00:00.662459,0.7533253691292183,1.3449628714683055,0.1999040792868359,5,2,207,0.0161030207304827,1.3189726026310714e-07,0.7316673134684203,COMPLETE
8,49,42,0.6013189330397591,2026-08-25 15:29:56.998314,2026-08-25 15:29:59.383870,0 days 00:00:02.385556,0.6486054112191469,2.265931233169802,0.1435229287092261,4,3,527,0.0079498296496866,0.0328838361303663,0.6830251798362093,COMPLETE
8,49,43,0.5823661837838356,2026-08-25 15:29:59.384979,2026-08-25 15:30:01.380371,0 days 00:00:01.995392,0.985849032535657,1.538279915621702,0.1022083491023422,5,1,416,0.0018222713822416,6.874557040289338e-07,0.721054802705084,COMPLETE
8,49,44,0.622365299698455,2026-08-25 15:30:01.382049,2026-08-25 15:30:05.506955,0 days 00:00:04.124906,0.7351100498149606,2.631461131769352,0.0023833328350455,6,2,456,0.5937867796143685,2.7450197187137518e-08,0.7481577483694852,COMPLETE
8,49,45,0.6261674390335933,2026-08-25 15:30:05.508699,2026-08-25 15:30:06.486272,0 days 00:00:00.977573,0.8315378670961185,0.676811287499901,0.1357460768949608,4,4,487,0.0211741589552018,2.399904542896179e-05,0.6431109303990514,COMPLETE
8,49,46,0.6096415646977115,2026-08-25 15:30:06.487438,2026-08-25 15:30:07.347932,0 days 00:00:00.860494,0.6989979639386699,1.1407344052457344,0.1976830588929682,5,8,513,0.0001529387157136,0.0001022031103456,0.796234662332065,COMPLETE
8,49,47,0.6223326391831762,2026-08-25 15:30:07.348839,2026-08-25 15:30:10.433019,0 days 00:00:03.084180,0.7732437026104272,2.957658152931893,0.0470446289959451,6,3,586,0.0030621354292556,2.069697012790353e-06,0.599179618920688,COMPLETE
8,49,48,0.6316201540865707,2026-08-25 15:30:10.434386,2026-08-25 15:30:12.382172,0 days 00:00:01.947786,0.8052033968813843,1.9723944192105136,0.0946747371388129,4,4,544,0.0414785374358994,4.117495557373038e-07,0.8392885769890451,COMPLETE
8,49,49,0.6348195421746757,2026-08-25 15:30:12.384715,2026-08-25 15:30:13.672941,0 days 00:00:01.288226,0.8764639447523986,1.6109401813709248,0.07668962045609,5,2,366,0.0010232141151957,1.306031967549402,0.7633419220016386,COMPLETE
9,50,0,0.5725196583287147,2026-08-25 17:40:22.814012,2026-08-25 17:40:58.195782,0 days 00:00:35.381770,0.688657548845562,2.0409860016659853,0.0038712673224800542,4,10,347,0.08852092706178868,0.06995684132401708,0.6981649548613884,COMPLETE
9,50,1,0.5883911292558053,2026-08-25 17:40:58.197758,2026-08-25 17:41:40.763844,0 days 00:00:42.566086,0.9863323423587251,2.799785518610625,0.006447946070948067,5,10,255,6.642272956705762e-06,0.9858261583053823,0.5727334282480775,COMPLETE
9,50,2,0.6489381363037083,2026-08-25 17:41:40.765871,2026-08-25 17:42:08.479860,0 days 00:00:27.713989,0.9640004639082762,3.3416878438834003,0.014690814753200639,5,6,437,2.9534404590027185e-08,8.780429022158061e-06,0.762051751332057,COMPLETE
9,50,3,0.5858722131158696,2026-08-25 17:42:08.480957,2026-08-25 17:42:11.833112,0 days 00:00:03.352155,0.8570463537170468,2.3087383813221605,0.13508278437976165,3,8,128,2.40970239029824,4.547599290633805e-05,0.969007611471196,COMPLETE
9,50,4,0.6046460385894253,2026-08-25 17:42:11.834405,2026-08-25 17:42:40.630607,0 days 00:00:28.796202,0.8411785845681894,3.9835863164053418,0.02386583514965382,7,9,442,7.72716578722503e-05,1.823492462292601,0.611019696039838,COMPLETE
9,50,5,0.5969570820044033,2026-08-25 17:42:40.633313,2026-08-25 17:44:19.954814,0 days 00:01:39.321501,0.693855496865148,3.0836570736125712,0.0019377350496022814,8,3,491,0.00016241123201728622,1.9863246359830123e-06,0.9581542246764556,COMPLETE
9,50,6,0.5959407941086323,2026-08-25 17:44:19.955801,2026-08-25 17:45:31.955580,0 days 00:01:11.999779,0.7395581225214765,0.6948003563480643,0.0033311678719101126,3,1,520,1.0250962687833488e-07,0.00019955595341930439,0.8299382230171533,COMPLETE
9,50,7,0.631246326763752,2026-08-25 17:45:31.957122,2026-08-25 17:46:22.466170,0 days 00:00:50.509048,0.9611313444223274,1.2600443237909609,0.022045686122993447,10,10,370,0.01392173928685829,4.769634141436997,0.7633320455424542,COMPLETE
9,50,8,0.6237498112828892,2026-08-25 17:46:22.467762,2026-08-25 17:46:50.967421,0 days 00:00:28.499659,0.9268612478927062,0.027199344304103534,0.06849674540905107,8,5,213,2.0596240720035734e-08,1.3339768447883371e-08,0.9683755998238555,COMPLETE
9,50,9,0.5883185542177743,2026-08-25 17:46:50.968823,2026-08-25 17:47:59.997066,0 days 00:01:09.028243,0.9108285156499698,4.2017208507298225,0.0018373921105366957,5,8,395,4.1092440142409104e-05,0.05464872217053697,0.9322270044440308,COMPLETE
9,50,10,0.6237706570149899,2026-08-25 17:47:59.998358,2026-08-25 17:48:46.271594,0 days 00:00:46.273236,0.5307732095255214,4.53138272351631,0.010455444183171092,2,6,569,7.730701422805003e-07,8.314446094105425e-08,0.5100570178857394,COMPLETE
9,50,11,0.627652061975745,2026-08-25 17:48:46.272637,2026-08-25 17:49:45.964574,0 days 00:00:59.691937,0.9935217667000623,1.0560819616664836,0.031439703298470754,10,6,330,0.0065677175585142945,0.003402244064946535,0.7727079676824817,COMPLETE
9,50,12,0.602846969370576,2026-08-25 17:49:45.966523,2026-08-25 17:50:33.383571,0 days 00:00:47.417048,0.7980974589286716,1.5622130231080027,0.01949767024522261,10,4,415,0.01994917024524156,3.146018738292902e-06,0.8401540839666757,COMPLETE
9,50,13,0.6179571820737393,2026-08-25 17:50:33.385014,2026-08-25 17:50:45.547531,0 days 00:00:12.162517,0.9201517276930102,3.4089074597062416,0.04911962212730165,6,7,270,0.002735371468330959,0.0014894984588429102,0.7095530782190314,COMPLETE
9,50,14,0.6286148594354436,2026-08-25 17:50:45.549041,2026-08-25 17:52:23.496848,0 days 00:01:37.947807,0.6271296055362372,1.6601537875629528,0.009965151447995582,8,2,600,0.9417711173899433,6.482902268895475e-06,0.7815790455056614,COMPLETE
9,50,15,0.5991231249564389,2026-08-25 17:52:23.498502,2026-08-25 17:52:49.641101,0 days 00:00:26.142599,0.9988306793306723,3.5233251376139587,0.19376192495563638,6,4,462,0.001718279830023743,6.782205499349006,0.6631358679492978,COMPLETE
9,50,16,0.6349558506055839,2026-08-25 17:52:49.642108,2026-08-25 17:53:12.309410,0 days 00:00:22.667302,0.8741375576392247,4.977235982736099,0.05876185980599655,9,8,384,0.1566158557739559,0.02846797663827158,0.8248704686162632,COMPLETE
9,50,17,0.6097703183629426,2026-08-25 17:53:12.310375,2026-08-25 17:53:32.638311,0 days 00:00:20.327936,0.8596426952897878,4.952984872678842,0.07035369545719516,9,7,314,0.21886719510964717,0.01693483469942008,0.8681094983693551,COMPLETE
9,50,18,0.6241435736012818,2026-08-25 17:53:32.640354,2026-08-25 17:54:36.782153,0 days 00:01:04.141799,0.8063536313477296,4.8142498462660415,0.04056124117661021,7,8,516,3.098682164871787e-06,2.6973265044335713e-05,0.892345155651257,COMPLETE
9,50,19,0.4042000858876911,2026-08-25 17:54:36.783116,2026-08-25 17:54:59.994403,0 days 00:00:23.211287,0.8951426255236101,3.962266439867677,0.09993364248569424,5,5,132,7.06424637537703,1.920153309959879e-07,0.8075366380843737,COMPLETE
9,50,20,0.6289599846274029,2026-08-25 17:54:59.995642,2026-08-25 17:55:53.201524,0 days 00:00:53.205882,0.7896660128359377,2.6053217749467974,0.013238023010605707,6,7,193,1.016020878848413e-08,0.0009361858947470806,0.7155531258296836,COMPLETE
9,50,21,0.6295599773939398,2026-08-25 17:55:53.204557,2026-08-25 17:57:41.418600,0 days 00:01:48.214043,0.9610548139142441,0.7512339387861824,0.019497641008273028,9,9,383,0.0683167784367263,0.5204301208837315,0.7538894647030177,COMPLETE
9,50,22,0.6212955010558739,2026-08-25 17:57:41.419632,2026-08-25 17:58:48.317385,0 days 00:01:06.897753,0.9432208411979996,3.4349865680130645,0.006879035042204019,10,9,381,0.0004416338529315568,0.14692055927312583,0.8889530176610709,COMPLETE
9,50,23,0.5901784145120088,2026-08-25 17:58:48.318926,2026-08-25 17:59:18.170059,0 days 00:00:29.851133,0.8825409000198606,1.7399196884705448,0.030632011769451413,9,10,288,0.4398929199446505,0.010662719626726467,0.6432629018398418,COMPLETE
9,50,24,0.6263034716013097,2026-08-25 17:59:18.172905,2026-08-25 18:00:21.466182,0 days 00:01:03.293277,0.9551127659650753,0.08706884398276804,0.05858801621579746,7,9,441,0.02387464317939565,3.503962725637282e-05,0.7895236713571164,COMPLETE
9,50,25,0.6223392262644538,2026-08-25 18:00:21.469585,2026-08-25 18:01:14.415435,0 days 00:00:52.945850,0.8318792996930751,1.2753982080512254,0.016013717349280053,9,8,362,0.0006323775883373115,4.521161479442645,0.7368293372578287,COMPLETE
9,50,26,0.6111643252208119,2026-08-25 18:01:14.417121,2026-08-25 18:01:30.417994,0 days 00:00:16.000873,0.9492515309087796,4.338239468631786,0.033593050522187466,4,6,415,0.012119891126889952,0.21529630175549702,0.8394200575632972,COMPLETE
9,50,27,0.5999509330697883,2026-08-25 18:01:30.418946,2026-08-25 18:02:13.998927,0 days 00:00:43.579981,0.880844468982365,2.920252908027385,0.001068453084283554,10,7,475,1.9668188488103613e-05,0.00031429958301248744,0.6844619976122794,COMPLETE
9,50,28,0.5992029395140672,2026-08-25 18:02:13.999787,2026-08-25 18:02:17.241052,0 days 00:00:03.241265,0.7694641525551149,2.217376787670992,0.10941768244680947,8,10,323,2.8829745907867195e-07,7.240253601298475e-07,0.811653860026211,COMPLETE
9,50,29,0.5949404207611381,2026-08-25 18:02:17.242190,2026-08-25 18:02:27.460792,0 days 00:00:10.218602,0.726422538391116,1.9888063627386452,0.006689172307851276,4,10,350,0.06636432851731525,0.031485150319911115,0.7392341572950987,COMPLETE
9,50,30,0.6282540225766384,2026-08-25 18:02:27.463591,2026-08-25 18:03:12.049681,0 days 00:00:44.586090,0.5167965269661636,3.9263729782094847,0.025579447493653932,9,9,541,0.16587973588402835,0.009209103473661358,0.8694565533834061,COMPLETE
9,50,31,0.6225455409888754,2026-08-25 18:03:12.052617,2026-08-25 18:03:35.323247,0 days 00:00:23.270630,0.9597929860954676,0.5244871097666107,0.017665501836327813,9,9,376,0.06710776180111663,0.5918785104077346,0.7492594608354385,COMPLETE
9,50,32,0.6326903817406899,2026-08-25 18:03:35.324998,2026-08-25 18:04:09.185345,0 days 00:00:33.860347,0.9783262015455703,0.9078281740420463,0.011678144515777955,10,8,416,1.45634046486008,0.38776162206636394,0.7680294907261429,COMPLETE
9,50,33,0.5912839912311247,2026-08-25 18:04:09.186862,2026-08-25 18:04:51.469211,0 days 00:00:42.282349,0.978332507494965,1.096239486946944,0.0045767782803557795,10,8,422,1.8883811609556398,2.893851971800817,0.6910378913380758,COMPLETE
9,50,34,0.5071955197091855,2026-08-25 18:04:51.470170,2026-08-25 18:05:08.630188,0 days 00:00:17.160018,0.9188830490489155,1.3843475406325776,0.009558653794591164,5,7,461,8.866738946805102,0.15451164714270557,0.7794356259390112,COMPLETE
9,50,35,0.6130716369338522,2026-08-25 18:05:08.632299,2026-08-25 18:05:27.564332,0 days 00:00:18.932033,0.9788071041587982,2.034059817141157,0.012667929171025808,10,8,292,1.601188073035688,0.8450453245449356,0.6103763018213041,COMPLETE
9,50,36,0.6102768596035024,2026-08-25 18:05:27.565300,2026-08-25 18:06:04.477003,0 days 00:00:36.911703,0.8635177492210541,0.4503442822568499,0.004760127831753856,7,5,491,0.3709574840813988,1.5729383704723399,0.8147906759884033,COMPLETE
9,50,37,0.6009957261221363,2026-08-25 18:06:04.478829,2026-08-25 18:06:36.550339,0 days 00:00:32.071510,0.8306989568528053,2.528137826038608,0.007981443641502642,3,10,431,0.0019029089190951288,0.00013305800051701934,0.7167233455446655,COMPLETE
9,50,38,0.6387271492385761,2026-08-25 18:06:36.551761,2026-08-25 18:08:04.693479,0 days 00:01:28.141718,0.9330875864566854,0.9279986636390443,0.02347000624722848,8,8,404,0.6816274943390833,1.1180207136687132e-05,0.9106780112385614,COMPLETE
9,50,39,0.5603907920036952,2026-08-25 18:08:04.696461,2026-08-25 18:08:24.475586,0 days 00:00:19.779125,0.6433266509371902,3.139731856403845,0.0487831464334242,8,6,400,3.7481697883873824,9.135830377555031e-06,0.9333307500726136,COMPLETE
9,50,40,0.6042941219449937,2026-08-25 18:08:24.476572,2026-08-25 18:09:10.693098,0 days 00:00:46.216526,0.9007015945729889,0.9424094129924745,0.0028807207417074696,8,4,498,0.8369833500364804,7.83368293682446e-07,0.9236567713614541,COMPLETE
9,50,41,0.6207638183979136,2026-08-25 18:09:10.694061,2026-08-25 18:09:56.868400,0 days 00:00:46.174339,0.9339763157678284,0.3128549721276144,0.026735946001892028,9,8,347,0.15823789264681087,1.6032730637710762e-05,0.8575074123489362,COMPLETE
9,50,42,0.6209384797147226,2026-08-25 18:09:56.871573,2026-08-25 18:10:35.442571,0 days 00:00:38.570998,0.9706896261923104,1.2843790329080622,0.014528660599966874,10,9,442,0.00012425605241905098,0.0001266308862135089,0.7594049083511505,COMPLETE
9,50,43,0.6212642828498424,2026-08-25 18:10:35.444520,2026-08-25 18:11:21.287254,0 days 00:00:45.842734,0.9325356913065548,0.7514657246811609,0.021535283434757826,10,7,401,4.599466092556981e-08,8.531002825264968,0.9001640680259108,COMPLETE
9,50,44,0.6203597162557848,2026-08-25 18:11:21.288406,2026-08-25 18:11:56.465917,0 days 00:00:35.177511,0.9073176219004253,3.71264846659469,0.011276320978007126,9,6,367,0.030520278542442204,0.06413371488465767,0.7978382269369261,COMPLETE
9,50,45,0.6038630905242534,2026-08-25 18:11:56.469126,2026-08-25 18:12:17.532986,0 days 00:00:21.063860,0.9998865559169077,1.472505958314227,0.07753477897599165,10,8,335,0.004506590277437697,2.990850858172444e-06,0.8259581923043854,COMPLETE
9,50,46,0.5721077743902262,2026-08-25 18:12:17.535726,2026-08-25 18:12:35.683181,0 days 00:00:18.147455,0.8801529316743683,4.594178341159444,0.0430682764623519,8,5,241,0.38257126233274197,0.0035301143951845396,0.9878773770608189,COMPLETE
9,50,47,0.603258240303403,2026-08-25 18:12:35.684539,2026-08-25 18:13:45.303640,0 days 00:01:09.619101,0.9770330706419554,0.9184018949885272,0.03678765820412443,6,3,457,1.8466898366891477e-06,1.2922653320356397e-08,0.9512060648367149,COMPLETE
9,50,48,0.6151450665958271,2026-08-25 18:13:45.304519,2026-08-25 18:14:29.382801,0 days 00:00:44.078282,0.9301704449684147,1.8335426171248628,0.023213727422520068,7,1,403,0.01004700918259967,0.3227276416657893,0.843746691793217,COMPLETE
9,50,49,0.628607469273839,2026-08-25 18:14:29.386540,2026-08-25 18:14:40.393617,0 days 00:00:11.007077,0.5542309715759717,2.3686734483238823,0.18303156990628086,9,7,303,0.8911198444162985,6.41665440962261e-05,0.7270998165603904,COMPLETE
