feature_type,model,cv_scheme,f1_mean,f1_std,acc_mean,acc_std,bacc_mean,bacc_std
Handcrafted,XGBoost (Optuna-tuned),stratifiedkfold,0.6788167265788271,0.03823926698524106,0.6850877192982456,0.03764864864566277,0.60104821802935,0.04522450346992466
Handcrafted,XGBoost (Optuna-tuned),groupkfold,0.6549638642775377,0.052729505017262084,0.6683116883116883,0.0532435855883878,0.5661257475044661,0.07273935931773404
